:020000041000EA
:1000000000B5324B212058609868022188439860DF
:10001000D860186158612E4B002199600221596106
:100020000121F02299502B49196001219960352056
:1000300000F044F80222904214D00621196600F024
:1000400034F8196E01211966002018661A6600F04E
:100050002CF8196E196E196E052000F02FF8012189
:100060000842F9D1002199601B49196000215960AB
:100070001A491B48016001219960EB211966A021F2
:10008000196600F012F800219960164914480160C1
:100090000121996001BC002800D000471248134993
:1000A000086003C880F30888084703B5996A0420EC
:1000B0000142FBD001200142F8D103BD02B5186610
:1000C0001866FFF7F2FF186E186E02BD00000240BE
:1000D000000000180000070000035F00212200005C
:1000E000F4000018222000A00001001008ED00E03C
:1000F00000000000000000000000000074B24E7A12
:1001000000200420F7010010CB010010CD010010E9
:10011000C9010010C9010010C9010010C901001077
:10012000C9010010C9010010C9010010CF01001061
:10013000C9010010C9010010D1010010D301001045
:10014000C1010010C1010010C1010010C101001067
:10015000C1010010C1010010C1010010C101001057
:10016000C1010010C1010010C1010010C101001047
:10017000C1010010C1010010C1010010C101001037
:10018000C1010010C1010010C1010010C101001027
:10019000C1010010C1010010C1010010C101001017
:1001A000C1010010C1010010C1010010C101001007
:1001B000C1010010C1010010C1010010C1010010F7
:1001C000EFF30580103800BE00BE00BE00BE00BECA
:1001D00000BE00BEF2EB88713CD9001054D900106B
:1001E0003802001090A31AE71E481F49086006C88D
:1001F00081F3088810471D480068002801D019487D
:10020000F3E70DA40ECC002902D000F012F8F9E7B4
:100210001749184A002000E001C19142FCD116495B
:100220008847164988471649884700BEFDE701C937
:1002300001C29A42FBD3704754D90010D00000206D
:10024000D81200205CEB0010000004200000042005
:100250005CEB0010001004200010042000000000DF
:10026000704700000000000008ED00E0000000D032
:10027000D81200202CDB0120E1380010950400107A
:10028000A9380010F8B5C04610B5064C2378002BED
:1002900007D1054B002B02D0044800E000BF01232A
:1002A000237010BD5814002000000000B0C90010D9
:1002B000044B10B5002B03D00349044800E000BFF5
:1002C00010BDC046000000005C140020B0C9001042
:1002D000F0B5244C0122A544234912A805F084FE60
:1002E00003000020834213D1FA271C261F4CBF00B5
:1002F000236002AD4021280012AA06F0E3F900288D
:100300000AD112A806F0CAF92368D817C01AC00F7C
:10031000AB239B009D44F0BD2B780A3BDBB2192B2D
:1003200003D8134ADA40D307E3D42268072AE8DC6B
:10033000724313000F4910335518143252185B18CA
:1003400000920D492A0002A807F0CCFF0328D0D163
:100350003800696901F020FB2368A861013323603C
:10036000C7E7C04654FDFFFFB0C90010B415002018
:1003700009000002B8150020C5C90010F8B5D02545
:10038000802604002D061920B60400F02FFB6E62B3
:10039000002796206E6101F069F801379620AE6162
:1003A00001F064F8BC42F4D1FA20800001F05EF85C
:1003B000EEE70000F0B5304C0300A5442F4A009151
:1003C00006A8402103F020FA012206A916A805F08C
:1003D0000BFE002802D00420FFF7D0FFE1256D02BC
:1003E0002A00274905AB16A805F0AAFF040016A8A5
:1003F00006F054F9002C02D1059BAB4201D0052038
:10040000EAE7D026EF2520233606736122002B0071
:1004100021001C48009500F037FA2B002200210033
:100420001948009500F030FA80235B027361802345
:100430009B027361F02676003300D025802763434A
:100440000F4A2D06D31803937F0332000399AF613F
:100450000E480CF055FA6F618027BF0332000399F4
:100460000B48AF6101340CF04BFA6F61F02CE1D115
:10047000AF239B009D44F0BD44FDFFFFD3C9001096
:1004800026190020D4160020FC16002000C00340CE
:1004900000000440F0B585B003F0E6FAFA20400011
:1004A00000F0E4FF00F0D4F800F0DEF807F08CF87C
:1004B000002000F049FA03000120002B08D01800AA
:1004C00001221968383005F05FFD041E02D00220B9
:1004D000FFF754FF5549564803F0E4FA00F0C2F91B
:1004E000E12221005202D026524802F0DDF9EF2528
:1004F00020233606736122002B0021004E48009510
:1005000000F0C2F92B00220021004C48009500F0B9
:10051000BBF980235B02736180239B027361F02629
:1005200076003300D02580276343424A2D06D31836
:1005300002937F0332000299AF613D480CF0E0F96D
:100540006F618027BF03320002993D48AF610134DB
:100550000CF0D6F96F61F02CE1D1FFF7B9FE00285D
:1005600001D10330B4E701F00BF800292AD0FA22B8
:100570000023920001F076FA0025324E30601C23F1
:100580006B43314A9B1803931C2300276B43029350
:100590002D4B029A9B181B69BB4218DC2B4B1F6822
:1005A000012FF1DD3468630363405C0C5C40630140
:1005B0005C403900200001F017FA8D42F3D00D00A5
:1005C0003460DCE7FA21890001F00EFAD4E700F08C
:1005D000D7FF00291FD0FA220023920001F042FA2F
:1005E000040039000398FFF7E5FE00F0C9FF002979
:1005F00016D0FA220023920001F034FA029A124B2C
:100600009B189B69021B934203D91B19181A00F00F
:100610002DFF0137BCE7FA21890001F0E5F9DFE79A
:10062000FA21890001F0E0F9E8E7C04600127A00FB
:1006300000C0034026190020D4160020FC1600201C
:100640000000044080050020B8150020B4150020EB
:1006500010B5162000F0CAF9D02380221B06D20361
:100660005A625A6110BD000070B50121062000F0E9
:100670007DF9012107203A4D00F078F9012104208D
:1006800000F074F900220121042000F087F928000D
:10069000344903F05BFAC0200223334A800110186A
:1006A000696803602868194005334340CF20034040
:1006B000802040012818036080239B01D21811601C
:1006C0000A20012100F052F901210B2000F04EF91F
:1006D000142000F08BF9D024802324065B0363628E
:1006E0001020636100F082F980235B0263621220B4
:1006F00000F07CF98023DB0263621520636100F067
:1007000075F980239B0363621120636100F06EF929
:1007100080239B026362132000F068F980231B038F
:1007200063620520636100F061F920230F4A636270
:1007300063610F4B50211A6014225A60043A9A6088
:100740000232DA600022152019615A61094B5860A3
:100750000438986002301D60D86019615A6170BD1C
:100760000000044040787D010400044000C00340C4
:10077000D4160020FC16002037B515006A460C0080
:10078000D11D01220C7014009C402300D0242406AB
:10079000A3611300AB401D00A3610CF0B1F86561CB
:1007A00037BD37B515006A460C00D11D01220C700B
:1007B00014009C402300D024240663611300AB4046
:1007C0001D00A3610CF09CF8656137BDF7B50126EB
:1007D000C36847689E400096D026009B3606856811
:1007E000046801910F20B36100F040FE009B782067
:1007F000736100F03BFE2B003A0011212000FFF74F
:10080000BBFF782000F032FE2B003A0020003A2196
:10081000FFF7B2FF2B003A0020005521FFF7C1FF80
:100820002B003A0020003621FFF7A6FF2B003A00EC
:1008300020000199FFF7B5FF2B003A00200021218D
:10084000FFF79AFF2B003A0020001321FFF794FFD7
:100850002B003A0029212000FFF78EFF322000F004
:1008600005FEF7BDD023202210B51B06A0210448A9
:100870005A61FFF7ABFFE0210248FFF7A7FF10BD69
:10088000D4160020FC160020F0B5076985B07F184B
:1008900001694568CB18416901938B1802930A9B43
:1008A00086680468CB182A00200003932A213300AD
:1008B000FFF762FF390A33002A002000C9B2FFF7B0
:1008C00070FF33002A002000F9B2FFF76AFF019B96
:1008D0002A00190A20003300C9B2FFF762FF6B46F5
:1008E0002A00200019793300FFF75BFF33002A004C
:1008F00020002B21FFF740FF029B2A00190A20004D
:100900003300C9B2FFF74DFF6B462A002000197A69
:100910003300FFF746FF039B2A00190A200033002B
:10092000C9B2FFF73EFF6B462A002000197B330057
:10093000FFF737FF33002A002C212000FFF71CFFB0
:1009400005B0F0BD012070470023984200D1014B53
:100950001800704788050020012070470023984246
:1009600000D1014B1800704740080020084B82005E
:10097000D31810B51C6840236340C0242340054CA5
:10098000C00012191360044BC018416010BDC0466E
:1009900004C0014004D001400040014010B54C1E8D
:1009A000A141541EA241C900920011430C22054BE3
:1009B0008000C3181B685940034B1140C0180160E8
:1009C00010BDC04604C0014004D00140054B80006A
:1009D000C3181B680901594030231940024BC01845
:1009E0000160704704C0014004D001400123D022BF
:1009F000834010B51206936205219361FFF7B6FF9D
:100A000010BD00000FB407B5084803F03BF8049B85
:100A1000002B07D005A91800019102F007FF044838
:100A200003F030F8012002F024FFC046EBC90010AB
:100A3000F9C90010EFF3108072B6034A1368002B57
:100A4000FCD0BFF35F8F70472C0100D0BFF35F8FE6
:100A50000022024B1A6080F3108870472C0100D0EE
:100A60000722CB08C35C0120114088401840431E78
:100A70009841C0B27047F8B505000C001700FFF7A9
:100A8000D9FF210006002800FFF7EAFF002803D065
:100A900021003800FFF7B6FF07210123E2080C40D0
:100AA000A340A95C30000B43AB54FFF7CFFFF8BD68
:100AB000F7B5050014001F000191FFF7BBFF06000A
:100AC000BC4202D9012464420DE021002800FFF756
:100AD000C7FF002812D10722012322409340E108DA
:100AE0006A5C13436B543000FFF7B0FF002C07DA49
:100AF000019B002B04D00898FFF784FF0134DFE747
:100B00002000FEBD044A1078431CDBB2172B01D82D
:100B1000137070471023FBE7840800200021044B6A
:100B2000044ABFF35F8F02C39342FAD17047C046B5
:100B3000000100D0800100D0074B10309B6880007E
:100B4000C150BFF35F8FBFF35F8F0021034B19606C
:100B500082F310887047C04600ED00E0240100D009
:100B6000054B064A1360064A136053609360D360D6
:100B700013615361936170478080808000E400E0DE
:100B800004E400E01F2318401E3B8340002905D0E9
:100B9000C021044A4900535013607047024AD3678A
:100BA000FBE7C04600E100E004E100E0024B10304A
:100BB0009B688000C058704700ED00E070B50400ED
:100BC0000D00EFF3108672B60A4A1368002BFCD0B2
:100BD000BFF35F8F2000FFF7E9FF074B984203D078
:100BE000A84201D000F0EEFD320029002000FFF7FE
:100BF000A3FF70BD240100D0C1010010F0B587B083
:100C0000049003910192EFF3108372B6574A059353
:100C10001368002BFCD0BFF35F8F554F3B787F2BC1
:100C200001D900F0CFFD0C2300251C007D57514E4B
:100C30006C439C46A31902939B793B704E4B9A6878
:100C4000049B10339B0099588B1B2F2B1FD94B4BA8
:100C5000994201D000F0B6FD0C235D43484B0234AD
:100C60007353484B7519043B36199E1B464B474C32
:100C7000AB80FF23AB71019B3605760DEB71039BB7
:100C800026436E80AB600121029B194333E00123B0
:100C900008009843030000220090DF790198874202
:100CA0002FD8002A3AD00627D757131D9C4637481D
:100CB000002F31DB93882F4E5B051B150434A419DC
:100CC00063441C1B2405640D0443A4B26646029BC6
:100CD0009571043B9B1B1B055B0D034393800C2309
:100CE0005D43244BED182A4BAC802B60019BAF7108
:100CF000EB71039BAB60059A0498FFF71DFF07B0EB
:100D0000F0BD0627DF57002F04DB624657431A0069
:100D1000F319C2E71A00C6E71E4CD7E7154A1E4969
:100D2000009B9B1A5B415943090D0C235D43144BF7
:100D3000A61CAB52134BB618043B9B1B1B05134E52
:100D40005B0D551933436B800434009BA4181C1BA6
:100D5000019B043CEB71039B2405AB60009A0C4B98
:100D6000640D3443AC80A97113608CE7240100D07A
:100D700028DB01208808002000ED00E0C101001000
:100D800000A1FFFFB808002001BDFFFF00E0FFFF4A
:100D90000148804701BD0000AAAA000001230343C7
:100DA000F0B51E00EFF30581EFF3108772B61C4B10
:100DB0001B68002BFBD0BFF35F8F1A4A04001A4B4D
:100DC000A41A644163431B0D5BB29C46174B890018
:100DD0009B6814005B581D000023B54214D1134BCF
:100DE000134A9B685A50134B1A78827162461A70E4
:100DF000BFF35F8F00230A4A136087F31088F0BDAA
:100E000001330C34042BEED0062161566145F7D135
:100E10000C214B43D218FF239371074B9380E2E7D9
:100E2000240100D088080020AAAA000000ED00E0FC
:100E3000C101001028DB012001BDFFFF70B50400D7
:100E40000E001500FFF75EFE0100200000F006F81E
:100E5000A680E580BFF35F8F70BD0000024BC9180C
:100E6000890001607047C0464000003410B504009E
:100E7000FFF748FE01002000FFF7F0FFFF2323717A
:100E8000BFF35F8F10BD10B50400FFF73BFE0100FC
:100E90002000FFF7E3FFFF23A380BFF35F8F10BDA8
:100EA00010B50848084B984200D310BD04000368F1
:100EB0000834002B03D0FFF7E6FF2000F2E7FFF72E
:100EC000D5FFFAE7C0120020D81200200A4B18689C
:100ED000EFF3108272B601680029FCD0BFF35F8F78
:100EE0001B68BFF35F8F0021196082F3108840BF39
:100EF000002000217047C04618190020F0B58BB0C3
:100F0000EFF3058203231A409F4B07929200D458B7
:100F10000123079A93400893089A9C4B1A609C4BB4
:100F2000089A5A630822A35E0493002B65DB1825F8
:100F30005D43636996485D19AA68EB680092019366
:100F400000F0F2FA009A019B801A9941002954DBC3
:100F5000019B002B00DA7CE02B698E4A6E6993427C
:100F600000D064E0300033699847002800D170E079
:100F70007768366833003B4300D16AE0002F00DB1E
:100F80005FE0009A019B921BBB4102920393029A7D
:100F9000039BAA60EB600023EA5E0092002A2CDB30
:100FA000029E039F182263690993009B5A43099B81
:100FB00099188868C968361A8F41002F1DDB009B7D
:100FC000238108239C46A444182202980399009B7D
:100FD0005A43099B9F18BA68FB68801A99410029F7
:100FE00006DB3B0000229A5EBC460092002AEBDA48
:100FF000009B049A2B8063461A80A3881BB2002BA7
:101000003EDAA379002B0AD00023A3710822A35E45
:1010100018222000944608305A1C00D072E00823A1
:10102000E25E002A00DB87E040BF0BB0F0BD082184
:10103000605E6A88000431001043984706000F0084
:1010400098E7534800F070FA8019794102900391B3
:101050009DE72B8821692381EFF3108372B60A681C
:10106000002AFCD0BFF35F8F62882A80049A6280D6
:101070002269BFF35F8F0021116083F31088BCE702
:101080002169EFF3108272B60B68002BFCD0BFF31E
:101090005F8F0121A3884942A1801BB22169BFF360
:1010A0005F8F0020086082F31088220008320992C6
:1010B000002B00DAA5E76269944618225A4362447D
:1010C0009068D16804900591099900910821655EA6
:1010D000002D0CDB18266E433100049E059F6144F1
:1010E00002918868C968361A8F41002F05DA009985
:1010F0000B800021535E1580DAE7029900910025EC
:101100004D5FE5E76146594365696A186D5E518830
:1011100009B200290EDA0826A15F01267642F717E8
:101120009660D7608B4203D005802189118023818E
:101130002B0071E71000FBE7182353436269D318B3
:101140009E68DF68731C01D17B1C0ED0079B104D7D
:101150009B005B19A96A1A69701A521A904203D34C
:101160002A6A0899114200D11E61094800F0DCF991
:10117000361A8F41002F00DD56E700D0CFE6002E53
:1011800000D1CCE650E7C046EC1600203C7005408C
:1011900000400540FD0E0010F8B5C16004001600C7
:1011A0001F000D00FFF7AEFCD02226701206126859
:1011B000154B62700122C0185242BBB2638122817A
:1011C0009B18A2801932638094460023800020611E
:1011D000BB4212D101270D4BB200D4503C00B440A9
:1011E00030002C620A49FFF7E9FC39003000FFF7B4
:1011F000C9FC084BED182C60F8BD61465943626983
:10120000581E88520133E3E740000034EC160020FA
:10121000FD0E00103820000010B5094C2369002B8A
:1012200009D10321074800F075F91023032220009B
:101230000449FFF7B1FF0A210348FFF70FFE10BD75
:10124000D0080020004005401819002010B5074CB8
:101250000300626A0020914206D8A46A01309C42D1
:1012600002D2881A431E984110BDC0460040054076
:10127000F0B501000569EFF3108072B62C68002C00
:10128000FCD0BFF35F8F02240D5F18246C434E69BE
:101290003419002D01DB26884E800E69BFF35F8F65
:1012A0000027376080F31088BD422CDBE360638841
:1012B0000598013320615B0406985B0CA2606061B5
:1012C0001A1CBB4200D1012290B22B046280184349
:1012D0000E69EFF3108372B63268002AFCD0BFF3B8
:1012E0005F8F8A8822808D800A69BFF35F8F002418
:1012F000146083F3108801220B789A40CB6803496D
:101300005B181A60F0BD01204042FBE73C20000062
:10131000F7B51F000AAB1C7805001600002C09D099
:10132000099B32000193089B280000933B00FFF7C4
:101330009FFFFEBD00F024F932003B00121A8B41E2
:10134000002BEDDA2000F4E7030070B55A89081489
:10135000824201DC002070BD1822424358691C699A
:101360008218EFF3108572B620680028FCD0BFF316
:101370005F8F568889B20020B4B28E4205D1802199
:1013800009020C435480013098711A69BFF35F8FD2
:101390000021116085F310888842DBD00122197882
:1013A000DB688A4001495B181A60D4E73C200000E2
:1013B000F0B506000F0006246442E517A4197D412C
:1013C00085B08D4202D803D1844201D90024002582
:1013D00000F0D6F822002B00121A8B41002B08DCFB
:1013E00001D1002A05D13000390000F0DBF805B04A
:1013F000F0BD002302930193104B2200009310488C
:101400002B00FFF785FF0028EDDB20002900FFF708
:101410001DFF0028E7D10B4B1868EFF3108272B65E
:1014200001680029FCD0BFF35F8F1B68BFF35F8F9B
:101430000021196082F3108820BFE6E7CD0E00106E
:10144000D00800201819002070B504000D0000F02D
:1014500097F800196941002902DA01200249404247
:10146000FFF7A6FF70BDC046FFFFFF7FFA2210B551
:1014700000239200002101F089F9FFF7E5FF10BD7C
:10148000F0B504000D0087B0EFF305830493002B43
:1014900002D0200029002AE01C4FFB683E7818008B
:1014A000059300F041F802000B0004360599B600E0
:1014B000715820008E1A2900801A99410B00049956
:1014C0000200994204DC01D1964201D820BFE0E736
:1014D0000023029301930E4B2200009338002B004F
:1014E000FFF716FF290006002000002E03DCFFF79F
:1014F000ADFE07B0F0BDFFF7A9FE002800D120BF68
:1015000031003800FFF720FFC3E7C046D0080020B5
:10151000CD0E001010B5024A0248FFF7ACFA10BD1C
:10152000FBC90010251900200300416A0A00986ACF
:10153000596A8A42FAD17047416A9942FCD399426A
:1015400002D1816A914200D37047416AF7E770B5D2
:1015500014001D000600FFF7E7FF02000B00A418AF
:101560005D41A94202D804D1A04202D901246442BB
:10157000E5172B0030002200FFF7DEFF70BD0000F2
:1015800010B50248FFF7D0FF10BDC046004005402F
:1015900010B502000B000248FFF7D9FF10BDC0468E
:1015A0000040054010B502000B000248FFF7C4FFE1
:1015B00010BDC04600400540F7B50C2444430193DC
:1015C000264B0092E4186368089A05000E009342C7
:1015D00000D26260C0232F1F9B01FFB2E318012FCE
:1015E0001FD8012E1DD103221A60A3683342FCD0FC
:1015F000009A236852015A40E0231A4080235B017D
:10160000E1180A60012F1DD9802380229B01E31875
:1016100012011A60089B019A6360114BAD00EA50F9
:10162000F7BD802212011A600D4BAA00D158002983
:10163000DED0586900F0D8F9431C03205843033822
:10164000FDD2D5E703222368734013400B600123CA
:10165000B340A2681342FCD0D6E7C04600800040E9
:1016600098160020F7B505000E001800089917001D
:1016700000F0BAF9089A0300140231003A00280079
:101680000094FFF799FFF7BD13B580246400009420
:10169000FFF792FF13BD0000014B8000C058704758
:1016A00098160020F8B504001F4817001E000D0012
:1016B00000F09AF90100380000F096F9069A330418
:1016C000120313432268002A0FDA3F2122680A40DE
:1016D000AA420AD1A2681205120D824205D1EE215A
:1016E000E268C9020A409A421CD0104A104EA11862
:1016F0004A42514101220C318A400E490A600E498A
:101700000A60170031688F43391EFAD10B4A213124
:10171000A2182560A060116021680029FCDAE3604E
:1017200008231360F8BDC046001BB7000040FDBF92
:1017300008C0004000E0004000F00040043000001D
:101740008023024A9B000B43D36270470080054010
:10175000142310B50100188804331B88984710BD66
:10176000162310B50100188802331B88984710BD56
:10177000F8B50E00040000270125B74201D128006A
:10178000F8BD2068FFF7E4FF01C4431E98414042C2
:1017900005400137F1E70000AA22064B12011A604A
:1017A0008D225200DA600449044A11605A68002A06
:1017B000FCDA70470040024000B0FA0000600240CE
:1017C0007047000010B50148FFF71CF91DCA001052
:1017D00010B5044C044B9C4200D310BD08CC984774
:1017E000F8E7C04670C90010ACC90010054B064AA6
:1017F00006491A60064B074A136018000A689043AE
:10180000FBD1704700E00040BFCDFBFE08C00040A8
:10181000FE7F3C0000F00040044BDB6C002B03D14A
:101820008022034BD2021A607047C046000011505C
:101830004C201150044A054B1A60054A1368DB011D
:101840008033FBD17047C046FFFFFF0100F000402E
:1018500008C000404022034B9A675A671A67DA664D
:101860007047C04600F0014010B5FFF757F910BDB2
:1018700070B50B490B4C0C4D641AA4102200302C8F
:1018800000D930222800920001F014F8074B2F2CC9
:1018900002D9074B9D6070BDA200AB500134F6E742
:1018A00000010010C001001000000020C101001064
:1018B00000ED00E0002373B5284DAB67FFF76CFF28
:1018C0000122274B1A606B6C012BFCD10322254BA4
:1018D0001A60AC6B012CFCD1022605252100009674
:1018E0000623214A2148FFF7DDFE2B002100009549
:1018F0001F4A2048FFF7D6FE3100002204201E4B6D
:10190000FFF7C2FE2800210000221C4BFFF7BCFE9F
:101910000022072011001A4BFFF7B6FE0022082014
:101920001100174BFFF7B0FE80230022DB001100EF
:1019300000930920124BFFF795FE00220F4B110078
:101940000620FFF7A1FE0420FFF7A6FE0D4900F0D8
:101950004BF801000020FFF7F3FE73BD008000404C
:101960003CB0004030B00040002F68590080024079
:10197000008C864700C00240001BB7004059730727
:10198000006CDC0240420F0001480421014B184763
:10199000F008002071170010124A936F9B0815D2AF
:1019A0009066D166002905D0FFE7FFE7FFE7516F9A
:1019B000106F704704B580210906C21751400028F6
:1019C00000D0C8430AF094FF002104BDF0B5146EA6
:1019D000556E576F166FFFF7E3FF1466556657672E
:1019E0001667F0BD000000D0114A936F9B0813D218
:1019F00010665166002905D0FFE7FFE7FFE7516F4A
:101A0000106F704704B5002801D00020C0430AF0D1
:101A10006FFF002104BDC046F0B5146E556E576FC0
:101A2000166FFFF7E5FF1466556657671667F0BD3A
:101A3000000000D094464A4A926F9208624601D252
:101A400028E0C046F0B5464E346E756E776F366F3F
:101A500000F020F89446424A1466556657671667A8
:101A60006246F0BD94463E4A926F9208624601D2A9
:101A700054E0C046F0B53A4E346E756E776F366FEF
:101A800000F04CF89446364A146655665767166758
:101A90006246F0BD002B24DB11D000293EDA00B5F0
:101AA000C943404200D1013100F038F8C9434042F7
:101AB00000D10131DB43524200D1013300BD002A85
:101AC000EBD1002801D1002905D00020C90FC9079A
:101AD00001D1C043410800B50AF0FAFE00220023FC
:101AE00000BD00B500290ADBDB43524200D10133BF
:101AF00000F014F8C943404200D1013100BDC94390
:101B0000404200D10131DB43524200D1013300F0A9
:101B100005F8DB43524200D1013300BD002923D137
:101B2000002B18D1002A0CD0BC460D4F38667A66BF
:101B300000210023FFE7FFE7FFE77A6F386F674672
:101B40007047002801D00748010000B50AF0C0FE28
:101B50000022002300BD02000B000020002170477E
:101B6000000000D0FFFFFFFF002B00D0BFE0130CF0
:101B700028D1002AE7D080B4114F39667A66FFE792
:101B8000FFE730B4040C7B6F396F1B0423433B66C3
:101B90007A66FFE7FFE7FFE7C04684B27B6F3D6FE1
:101BA0001B0423433B667A66FFE7FFE7C04600233A
:101BB0002C042D0C7A6F386F00196941B0BC704746
:101BC000000000D0F0B594460025140E01D1120299
:101BD0000835140F01D112010435940F01D1920080
:101BE0000235D40F01D152000135D40B0134254FF9
:101BF0007C66254C3C660E0C93B2FFE7FFE7FFE7DF
:101C00003C6F6643360C7703BE467343DF0B5B04C1
:101C1000C01AB941130C7343DB18C91ACE086643C6
:101C2000360CB64493B273431F0F1B01C01AB9415F
:101C3000130C73431F0B1B05C01AB941860D8F028D
:101C40003E436643360C092D24DB520A7243801A48
:101C50007703460A6643360C16235B1BDE40DF40E3
:101C6000BF1964466643821B704604350633010083
:101C7000D940A840C01900D30131A24206D20023A6
:101C8000F0BD0000000000D0FFFFFFFF121B01307D
:101C9000F3D3F1E709277F1BFE406446A2B27243EB
:101CA000801A00D20139220C7243130C1204821ADA
:101CB00099410B007046043513370100F940A840E4
:101CC000801900D30131002B02D1A2420AD2F0BD0B
:101CD000013000D30131121BFAD2013BF8D1A242EC
:101CE00000D2F0BD013000D30131121BF7E7F0B58F
:101CF0001C0C00D080E00CB400251C0A04D11B028F
:101D0000160E3343120208351C0B04D11B01160FAB
:101D10003343120104359C0B04D19B00960F3343CF
:101D200092000235DC0B02D192185B4101351C0098
:101D3000971864410134464F7C66464C3C660E0C55
:101D4000FFE7FFE7FFE7C0463C6F6643360C7703CB
:101D5000BE4697B27743C01B00D20139C01B00D2E8
:101D600001399FB27743C91BC91B170C77437E0407
:101D7000FF0B801BB941CE086643360C0C2D33DBBC
:101D8000B644120B1F053A431B0B97B27743C01B97
:101D900000D201399FB27743C91B170C77433E0429
:101DA0003F0C801BB941860D8F023E4366432927B5
:101DB0007F1BFE400C3D7746AF40BF1930BCA2B23E
:101DC000ABB272437343801A9941220C7243130CD5
:101DD0001204801A994102000B000137001BA9412F
:101DE000F9D2781E0021F0BD0C277F1BFE407746FC
:101DF0007F0BAF40FF19E0E700245D1C07D0144FB4
:101E00007D663966FFE7FFE7FFE7FFE73C6F95B2C6
:101E10009EB265436643401BB141150C1E0C6543E1
:101E2000664336042F0C3E432D04401BB1419942BA
:101E300004D202000B0020000021F0BD01D190422D
:101E4000F7D3801A994101349942F2D3F6E70000A2
:101E5000000000D0FFFFFFFF48404140484018B459
:101E60001B4B5B68FC46019308BD04DF5B2100103F
:101E700018B4174B1B68FC46019308BD00DF6521B1
:101E800000109446134A926F920809D2624618B421
:101E90000F4BDB68FC46019308BD0CDF1D240010CE
:101EA0000C4AF0B5146E556E576F166F6246FFF709
:101EB000EEFF084A1466556657671667F0BD18B4FA
:101EC000034B9B68FC46019308BD08DFC12200104C
:101ED00014170020000000D0FFB550404240504091
:101EE00059404B40594000E0FFB5154F4C00640D80
:101EF00003D0BC4204D10C0314D80020090D0905FD
:101F00005C00640D03D0BC4204D11C030AD800223B
:101F10001B0D1B0501264B4009D44B4003D58B42BA
:101F200000D18242FFBD9942FCD19042FFBD0B43DC
:101F3000DB1803431343F5D0C9434918FFBD000024
:101F4000FF07000000B5FFF7CFFF01D0002000BD64
:101F5000012000BD00B5FFF7C7FF804100BDC046AE
:101F600000B5FFF7C1FF01D9002000BD012000BD71
:101F700000B5FFF7B1FF01D9002000BD012000BD71
:101F800000B5FFF7A9FF804100BD012040054A00D0
:101F9000121804D85A00121801D8002070470120E6
:101FA000704700000021002805D17047C117484044
:101FB000401AFAD0C90713B5064B1B6898470CBCEA
:101FC000441CA2401005120B0349091B09051943C3
:101FD000114310BD141800201F04000010B54C0060
:101FE000620D8023D218DB00D21A5B057E2A10DD39
:101FF0009E3A13DACC170903490819435242D140DB
:10200000640001341532202A05DAD04008436043C9
:1020100010BD002010BD0846604310BDC80FC01899
:10202000013810BD18B4044B5B6AFC46019308BD2F
:1020300024DFCD25001000001417002018B4044B35
:10204000DB6DFC46019308BD5CDFD9260010000063
:1020500014170020C94211D300B5490049080022D5
:1020600000F018F8002904D4002240428A411146A9
:1020700000BD80210906002000BD000018B4044BFB
:10208000DB6EFC46019308BD6CDFDB250010000011
:102090001417002018B4044B9B6FFC46019308BD35
:1020A00078DFF725001000001417002018B4044B47
:1020B000DB6FFC46019308BD7CDF65260010000045
:1020C00014170020132370B51C78114D012C0ED16C
:1020D000002310499A000133A950202BFAD10D4B4F
:1020E000AB640D48FFF734FB0C4B186070BD012C3E
:1020F000F5DD0B48FFF734FB06000A48FFF730FB1D
:1021000080223100280000F0D5FB022CE9D1E6E75F
:1021100014170020292100104C330000141800204F
:10212000534400005346000007B5604601880A0A80
:102130000230DF2AFAD1C9B2820804D3028840886B
:102140000004104300E00068014A5050039007BDAE
:10215000141700200FB403BC0CBCF0B50124E40735
:10216000634000E0F0B50C0DCF0F661E3605891BED
:10217000640503D3C943404200D30131640D03D049
:10218000661CF60A07D0E41B00207F00791C890733
:102190008912803C24031D0DDF0F6E1E36059B1B2C
:1021A0006D0503D3DB43524200D301336D0D03D0E1
:1021B0006E1CF60A07D0ED1B00227F007B1C9B07DC
:1021C0009B12803D2D032F1B661B58D4A446202E46
:1021D00046DA20371400BC401D00BD40F2403341B8
:1021E0002A4380185941CB0F05D0C943C043002270
:1021F00064425041514162464D0D28D10D0D07D129
:1022000000281FD0241940414941013A0D0DF9D051
:10221000640006D3013000D30131002C01D1400805
:102220004000013A0BD4941CE40A04D11205114475
:10223000DB071944F0BDD907204B194300E0D9074B
:102240000020F0BD0029DDD1002CDBD1F0BD013232
:10225000C6074008CD0728434908002EE1D0D9E73A
:102260003C2E29DA203E40371400BC4000D0012427
:10227000F24014431A00BB401C43D317ACE7AC46F2
:10228000202F08DA20360400B4400D00B540F84095
:1022900039412843A5E73C2F0CDA203F40360400A3
:1022A000B44000D00124F84004430800B1400C437E
:1022B000C117EAE710001900002494E70000F07F3E
:1022C000F0B50C0D661E3605891BE60A6405640D23
:1022D00002D0651CED0A04D0002001210905803CD4
:1022E0002403A4461C0D671E3F05DB1BE70A64059B
:1022F000640D02D0651CED0A04D0002201231B05E9
:10230000803C24037740644497B484B296B274430B
:10231000070C7E43150C6F4380B26843361802D316
:10232000012000043F183004350C00197D4184461B
:1023300088B29AB250430C0C62431F0C7C438EB29D
:102340007E43921902D301263604A4191604170CF1
:102350003618674101BC81B29AB25143040C624302
:102360001B0C5C4380B25843121802D301200004B6
:1023700024181004130C401863412D185E410020EE
:10238000474106BC88B293B258430C0C6343120C0D
:10239000544389B251435B1802D3012109046418E4
:1023A00019041A0C091862416D1856410020474162
:1023B00018BCF902720D1143F0026A0D1043ED02D0
:1023C0000A0D03D16D1940414941013B124E9B1B3F
:1023D0007600B3420ED26D0007D301300026714162
:1023E0006646354301D1400840001B05C918E40783
:1023F0002144F0BD0BDA013306D1013004D10131A3
:102400004F0D01D04908F2E7E1070020F0BD013689
:1024100031050020EBE70000FF030000F0B51C0DC4
:10242000671E3F05DB1BE70A6405640D02D0661CCE
:10243000F60A04D0002201231B05803C2403D0258A
:102440002D060026F6432E661E096E66CE0FF6197F
:10245000B44649004F0D02D07E1CF60A03D000207E
:102460000021403F3F033E1BB600B444013F7F05BF
:10247000C91B49082E6F013676089C02950D25432D
:102480007543ED137543AD1301356D10F603761BDF
:102490000CB4CC02450D2C43A2B2B3B25A43270C64
:1024A0007B43350C6F43A4B26C431B1902D3012448
:1024B00024043F191C041D0CA4187D4124196D41EE
:1024C000009A91B2ACB26143170C7C432B0C5F4372
:1024D00092B25A43A41802D301221204BF18220454
:1024E000230C52187B41019C6C431B19520ED901DD
:1024F0000A434401A01A81B2B2B2514303145A43B1
:10250000360C734387B27743D617D21900277E4122
:1025100036049B191704160C7F185E417316ED18CC
:10252000F301002680337541A90F06D16400690AC2
:10253000E8055B0A184309D22FE004229444803353
:102540007541A90AA8059B0A184326D34041494171
:102550002404009A019B0D005543641B4343E41A75
:1025600095B286B27543170C7E43030C5F4392B25B
:102570005A43B61802D301221204BF183204330C96
:1025800052197B4152429C41002C02D4002201305E
:1025900051414008CA071043490802B06246D707B4
:1025A0009210084BD218084B9A4203D21205891890
:1025B000C919F0BD0020002A01DC3900F0BD01334B
:1025C0001905F5E7FD030000FE070000002200B535
:1025D000203200F010F8080000BD002200B500F025
:1025E0000CF8CA179A4200D100BDD8430121C9078F
:1025F000414000BD00220B150AD410B5944600F0EE
:10260000A7F81414013400DA0021CB17144C20472A
:102610000020002170476244343A0CD40C2A07DAB7
:1026200004009140904052422032D440214310BDDA
:10263000D843D94310BD203207D40C4694405242AF
:1026400020321141D040204310BD0800C91720326C
:1026500003D452422032104110BD1800190010BDA1
:10266000172600104A00520D144BD21A13DDFF2A10
:102670001EDAD205CB0FDB071A43C300400F090354
:10268000490A084310435B0001D301D00130704771
:102690004308FBD2704702D0C80FC00770470A0337
:1026A00012130132F8D1420F072AF5D1012200E0BE
:1026B000FF22C80F00028018C00570478003000089
:1026C00000210A00002104E000210A00C11704E0F3
:1026D0000022002306E0C0460022CB175840594094
:1026E000C01A994130B5184CA21A002903D1010033
:1026F00010D00020203A4C1512D104D2013A001813
:1027000049414C0DFAD3114CA24204D2120589184A
:10271000DB07C91830BDD243520D00200021F5E778
:1027200003D4013A00184941FBD50B324405C00AD5
:102730004D052843C90A640003D00024604161416B
:10274000E1E7E0D34408F8E732040000FE070000A8
:102750000A0DCC0F531E1B05C91A520503D3C943DA
:10276000404200D30131520D03D0531CDB0A07D085
:10277000121B00206400611C89078912803A120331
:10278000014BD21A70470000FF030000514343433E
:10279000C9188C46110C83B24B4310B4040C61432E
:1027A00092B280B2504362431C041B0C001910BC4F
:1027B00059411304120CC018514161447047000084
:1027C000132310B510481C78FEF7CAFF0100012C36
:1027D00013D10E4C5422200000F06CF815230C4A43
:1027E000990001336250202BFAD12262E26109483C
:1027F000FEF7AEFF084B186010BD012CF7DD8022FC
:10280000024800F057F8F2E753460000181800207D
:102810001D2800104C3300001418002007B5604636
:1028200001880A0A0230DF2AFAD1C9B2820804D329
:10283000028840880004104300E00068014A5050BC
:10284000039007BD1818002010B5002803D0044BD2
:102850004018984202D90348FEF7D4F810BDC0468C
:102860000000042029CA001070B5050005F08CF89E
:1028700004002900FFF7E8FF200070BD70B50D00CF
:1028800005F068FB04002900FFF7DEFF200070BDA3
:1028900010B505F083F810BD01480421014B18471D
:1028A0000009002071170010014B1B681847000039
:1028B00000090020014B5B68184700000009002058
:1028C0009A4200D2885470477047F7B500930B9B2B
:1028D00004000E0017009B0720D00192099D019A69
:1028E000099B9818421B002D1AD10B9BC51B9B07F7
:1028F00023D4FEBD31002020009BA0470135099B59
:10290000FA1A0A9B52199D42F4D3099A0A99002394
:102910008A4200D88B1ADB190193DFE7099DEEE7A5
:10292000089B013D585D3100009BA047D7E702009E
:1029300031002020009BA04701350A9B7819AB424B
:10294000F5D8D6E7F0B589B0070010A80678149836
:10295000059106920E990F9A139C079383071ED434
:1029600001250540002C07D0002D05D0002E02D1F6
:102970000C23184200D0013C30239C4604E0202A5E
:1029800005D063468B540132129B9342F7D8302313
:102990009C46002D03D0A24201D21F2A19D9C3069A
:1029A0003AD543051AD4002A18D0129B9A4201D076
:1029B000A24213D1551E012A0FD0119B023A102BAF
:1029C0000FD02A00119B022B21D11F2A0ED862257D
:1029D0001BE063468B540132DBE72A00119B102B6E
:1029E000F0D183060ED478251F2A0ED903900192C8
:1029F00000913800079B069A05990294FFF765FF3E
:102A000009B0F0BD58251F2AF0D88D5401321F2A75
:102A1000ECD830258D5401321F2AE7D82D25002E01
:102A200005D12B25430702D40307DFD520258D547C
:102A30000132DBE7F0B597B00A921CAA0B9308CAE3
:102A40000D001278219C09900C92002B01D11022CC
:102A50009443620501D5002B1FD06122A10600D549
:102A600041221E000027D2B20A3A0D9230001E9970
:102A7000FEF7BAFF0D9ACBB29A188446D2B2092952
:102A800001D83033DAB2202006A90918CA551E9A97
:102A90007B1C964201D3834213D1209A0193059265
:102AA0001F9A0EAB04921E9A009303920C9A29006F
:102AB00002920B9B0A9A09980694FFF743FF17B0FE
:102AC000F0BD1F006646D1E7F0B59BB00D9322AB79
:102AD0001B78209D0E932B00219C249F259E0A90FD
:102AE0000B910C92234303D1289A10339A432892D6
:102AF000289B5B0504D52A00002322439A422AD052
:102B0000289A6123920600D541230022DBB20A3BBA
:102B100009920F933A00330028002100FEF7A2FF2C
:102B20000F9BD2B2D318DBB29C4610901191092AA8
:102B300002D83032D3B29C4620200AAA121860462E
:102B4000099B099901335054A64204D801D1AF42E0
:102B500001D8202B13D1289A01930692279A12AB01
:102B60000592269A009304920E9A0D9B02920B995D
:102B70000C9A0A980397FFF7E5FE1BB0F0BD109D75
:102B8000119C0993C6E70000F0B595B00E931A9B0F
:102B90000F920A931B9B0A9A0B930B9B0C900D911F
:102BA00010001900FFF7F1F9002811D10122D44BD0
:102BB0000A980B995242FFF7E3F9002808D1012245
:102BC000D04B0A980B995242FFF7C4F9002813D052
:102BD0001E9B0A9A04931D9B0D9903931C9B0C98B2
:102BE00002930B9B009201930F9A0E9B00F0BCF98D
:102BF0000200100015B0F0BD002200230A980B99C6
:102C0000FFF7A8F9002800D165E18022120694465A
:102C10000A9B06930B9B6344079380231E9ADB0059
:102C20001A4011921E9A1A4201D106231C93069D46
:102C3000079B069E079F1D4300D151E15800B24BF0
:102C4000400DC018FFF7B2F9B04AB14BFFF737F9A2
:102C5000B04AB14BFFF70CF9079BB04A1B031B0BA3
:102C60001A4304000D0030001100AD4B0022FFF7A5
:102C7000F6F8AC4AAC4BFFF722F902000B0020003B
:102C80002900FFF7F5F8FFF7A9F90990FFF78EF98A
:102C9000A64AA74B06000F00FFF711F90022A54B2B
:102CA000FFF7E6F8FFF79AF9A34AA44B3900109012
:102CB0003000FFF704F9060010980F00FFF776F9CF
:102CC0009F4AA04BFFF7FBF802000B0030003900D1
:102CD000FFF7C5F802000B0004000D00FFF7EFF846
:102CE000220006000F002B0020002900FFF7C0F88B
:102CF000002212901391944B30003900FFF7C1F875
:102D00000022924BFFF7B4F802000B0030003900AC
:102D1000FFF7B7F800228E4BFFF7AAF802000B006E
:102D200030003900FFF7ADF80F00802106002200C7
:102D30002B000020C905FFF792F802000B003000BD
:102D40003900FFF795F802000B0012981399FFF76E
:102D500098F80022714BFFF78BF87E4B109C9C4635
:102D6000644400222305FFF7AAF8069A079B060091
:102D70000F00FFF705F900280AD0099B3000013B3E
:102D8000390009930022714BFFF77BF806000F0012
:102D9000099B05246333C62B00D8A2E01E9B1B05AC
:102DA00023D533003B4311D0069807996A4A6B4BF1
:102DB000FFF7DEF8002800D197E006980799002277
:102DC000674BFFF7C7F8002800D18EE01C9B099ADB
:102DD000934200DC87E09D1A6B1E1C938023002425
:102DE0001E9ADB001A431E9209941D9B00259C42EB
:102DF00000D21D1B02231E9A1A4010921E9A1A42DC
:102E000003D0634263415B421D40099B002B07D006
:102E10000698079932003B00FFF733F806900791B8
:102E2000002200230A980B99FFF794F8002809D094
:102E300080200006844606990A00079961440B0029
:102E4000069207931E9A474B0D99134004931C9BBF
:102E50000C9802930395069A079B009201930F9A90
:102E60000E9B00F081F80200002C00D1C1E61E9BF1
:102E700045209B0600D420300E9B0D990C9D561CBE
:102E8000A84705230593002303930A330293099B64
:102E9000013CDB0F0193099B0D99DA179D185540F2
:102EA0000E9B32000C9804940095FFF7C3FD109B15
:102EB0000200002B00D19CE60F9BC41A0F9B1A192D
:102EC0001D9BA34200D894E620200E9B0D990C9DDB
:102ED000A8470134F2E70A980B99069007919CE6FF
:102EE000099504245AE7002377E71C9B002B00D1A7
:102EF0007BE7119B5A1E93411C9AD31A1C9374E7CB
:102F0000FFFFEF7FFFFFEFFF01FCFFFFFB799F500B
:102F10001344D33FB3C8608B288AC63F0000F03FFC
:102F20000000F83F61436F63A787D23F71A379091F
:102F30004F930A400000E03F1655B5BBB16B02400D
:102F4000EF39FAFE422EE63F00002C4000002440FC
:102F500000001840FF0300002D431CEBE2361A3F2F
:102F600080842E41FFF7FFFFF0B59BB0209E219F8C
:102F700009900A910B920C9332003B00300039000B
:102F8000229CFFF702F8002808D0249B0393239B80
:102F9000029303230193B04B009324E001223000FD
:102FA0003900AE4B5242FEF7D5FF002807D0249BD4
:102FB0000393239B029304230193A94BECE7012283
:102FC00030003900A74B5242FEF7DAFF002814D038
:102FD0000423249A1A420DD0A34A24990193039101
:102FE0002399009202910C9B0B9A0A990998FFF77A
:102FF0006CFC1FE003239D4AEFE7002230003900FC
:103000009B4BFEF7BDFF002807D10022300039009E
:10301000984BFEF79FFF00280ED0249B0096019747
:103020000493239B0B9A03930A990C9B099802948F
:10303000FFF7AAFD1BB0F0BD0022002330003900CD
:10304000FEF788FF002877D03B00320000200021E7
:10305000FEF705FF012306000F000D93249B5B057F
:103060006CD52200302112AB203A08940898251A1A
:10307000092807D90898197001380890013390423F
:10308000F4D1202539003000FEF7A8FF089B0790F7
:10309000DA00794B9B185C681B680E930F94FEF75F
:1030A00085FF02000B0030003900FEF7D8FE0E9AB3
:1030B0000F9BFEF704FF10901191FEF7B3FF040081
:1030C000FEF770FF02000B0010981199FEF7C7FE83
:1030D00000226A4B10901191FEF752FF00282FD06A
:1030E00001342000FEF75EFF02000B000E980F99DE
:1030F000FEF736FF002803D00024079B0133079317
:10310000089B002B2AD00A26202D47D10323249A7E
:103110001340012B00D08BE0239B002B00D187E0D4
:103120000D9B002B02D10C331A4202D0239B013B92
:103130002393302212AB6FE00D908FE7062490E7C7
:103140000022109811994D4BFEF704FF0028D7D1AB
:10315000002C01D0E307D3D50134D1E70798FEF75F
:1031600025FF02000B0030003900FEF778FE002238
:10317000424B06000F00FEF7EDFE00280CD10022A6
:10318000300039003D4BFEF7FBFE002804D101233F
:10319000079A1340D31807930A2438E0089B0CAA17
:1031A000013B0893172331009B1820000135EF18CD
:1031B000FEF71AFC3031397020003100FEF714FCA4
:1031C000092C0CD83020089B12A95B19202D9DD00A
:1031D0006A1C9D4205D12E234B551500DCE70400E7
:1031E00092E748551500F1E717230CAA9B1807989A
:1031F00021000135EE18FEF7CFFB30310798317012
:103200002100FEF7C9FB0790002800D17EE7202DA2
:10321000EAD17BE7EA5401352399A94208D9202D48
:10322000F8D1249B01950393239B029312ABB3E641
:10323000202DF6D00D9A12AB002A03D02D225A551C
:103240000135EEE7249A520701D52B22F7E7249A9D
:103250001207E6D52022F2E7B5CA0010FFFFEFFF04
:10326000B9CA0010FFFFEF7FB0CA0010ACCA00104F
:1032700065CDCD4165CDCDC1C0CA00100000E03F95
:1032800010B5002801D000F0F1FB10BDF0B59BB0E7
:1032900015000F938C4A8D4B209F0D900E911A6054
:1032A000002901D18A4B0D9300260BE00F9B0133BF
:1032B0000F93252816D03200741C2B000D9E0E99FA
:1032C000B04726000F9B18780028EFD13200AE429D
:1032D00000D36A1E2B0000200E990D9CA0473000E1
:1032E0001BB0F0BD00230120082405E02D2A16D0D4
:1032F000302A0CD103430F910F9A0F9912780131A4
:103300002B2A0FD0F2D8202A0ED0232A0ED010005C
:10331000303809282CD800220A240B920EE0022211
:103320001343E8E70422FBE72343E4E71022F7E72F
:103330000B9A0F906243303A8A180B920F9A1178C9
:10334000501C0A00303A092AF2D900200F9A0C903A
:1033500011782E2928D18021C9000B430F99013201
:1033600049780800303809283CD80A218C4615E0F5
:1033700000200B902A2AE8D104CF0B92824204DA73
:10338000022213430B9A52420B920F91DDE76046E3
:103390000C9A4243303A8A180C9222001178541C3D
:1033A000080030380928F2D91078511C6C282CD02C
:1033B00024D8682831D06A2837D011000C784A1CEC
:1033C0000F92782C04D8572C32D8452C5CD056D884
:1033D000731C320020000B930E992B000D9CA0470C
:1033E0000B9E6FE72A29DFD104CF0C92D2430C99B0
:1033F000D21711400F9A0C910232D5E7742801D0F0
:103400007A28DAD1802252000BE050786C28F9D16A
:10341000C02189000B43911CD0E75078682802D066
:1034200080221343CAE7C021F4E780229200F8E724
:10343000200058382028CBD809F06AFA4C00CAFF7F
:10344000CAFFCAFFCAFFCAFFCAFFCAFFCAFFCAFF34
:103450004C00FB004C002600E8002600CAFF4C0090
:10346000CAFFCAFFCAFFCAFFCAFF4C00B601CAFFA3
:10347000CAFF4301CAFF4C00CAFFCAFF4C00462CDA
:1034800000D1C1E0472CA3D120222100914347293C
:1034900004D180221201134302229443452C01D10E
:1034A00020221343072204930B9B073703930C9BA3
:1034B000974302930CCF0E99009201930D982B0025
:1034C0003200FFF761FBB2E08D320010D016002011
:1034D000C9280010782C47D0582C00D178E16F2CE7
:1034E00000D179E1622C00D178E110229343063AB1
:1034F000692C03D0642C01D00C218B43590501D5D4
:1035000001218B43802189001940692C01D0642C52
:1035100046D100292AD0072107378F433C0003CF2B
:1035200008930B9B049207930C9B0834069300238B
:103530000593CB0F0293CB17119310934340149331
:10354000119B4B401593149A159B10981199121AC0
:103550008B41009201930E992B0032000D98FFF7DA
:10356000B3FA06002700ADE61022C5E73C1DD905D9
:103570000DD5396805930B9B029204930C9B039322
:10358000CB0F0193CB17C9185940009124E039683B
:10359000580601D5C9B2EDE71806EBD509B2E9E73F
:1035A00000290DD008930B9B072107930C9BFC1D52
:1035B000069300238C430492059302930CCCC8E736
:1035C0003C1DD8050FD505930B9B029204930C9BD1
:1035D000019103933B6800932B0032000E990D98E4
:1035E000FFF728FABDE73968580609D5C9B205932F
:1035F0000B9B029204930C9B039300230193C4E75B
:103600001806F4D589B2F2E7202213430722049367
:103610000B9B073703930C9B974302930CCF0E9998
:10362000009201930D982B003200FFF79DFC0600DD
:1036300048E602221A40129202220124134218D1B3
:10364000320005E02B0020200E990D9CA0470C9A1B
:103650000B99531C0C939B1B8B42F3D30023994271
:1036600001D00B00013BF6180B9B0224002B00D06D
:103670005C1C01CF731C32000C930E992B000D9E25
:10368000C0B2B047129B002B19D00C9A12940AE0DA
:10369000531C139320202B000E990D9EB047129BB4
:1036A000139A013312930B9B12999942F0D30B9A00
:1036B0000023A24200D3131B0C9AD3180C930C9E28
:1036C00000E6390004C913920C9A1691002A01D120
:1036D0000122524213990C008A182178002901D046
:1036E000A24214D1139A1900A41A8022D2001140C8
:1036F0001791134203D00C9A944200D9140002226D
:103700001A4018920222134217D1320009E0013404
:10371000E3E7531C129320202B000E990D9FB8470E
:10372000129AA31B0B99D3189942F2D80023A142F5
:1037300000D30B1B0134F6181C1912960AE00C93E7
:10374000129B129A013319930E992B000D9FB847C3
:10375000199B1293139B129A9B1B985C002807D00D
:10376000179B002BECD00C9B0C9A013B002AE6D156
:10377000189B002B15D0129A06E0561C2B00202017
:103780000E990D9FB8473200129B0B99E31A9B18B4
:103790009942F2D80023A14200D30B1B129AD318EE
:1037A0001293169F129E8DE5212213430593082341
:1037B00004930C9B32000393102302930023019384
:1037C00008CF0E9900930D982B00FFF733F92EE7E1
:1037D00020221343103A8FE608228DE602228BE660
:1037E0000EB4012210B585B007AC08CC01000094DE
:1037F000524204480394FFF749FD05B010BC08BCD1
:1038000003B01847C12800100CB41FB506AC08CC93
:103810000A000094010004480394FFF737FD04B048
:1038200010BC08BC02B01847C12800101FB5094BD6
:103830001C68002C09D00122030000910648524266
:1038400003A9A047012004B010BD00F01BF920001F
:10385000F9E7C046D0160020813200100FB407B53A
:1038600004A901C90191FFF7E1FF03B008BC04B04E
:10387000184700BEFDE70000084A03001168002950
:1038800001D10749116010680649C3188B4201D85D
:103890001360704701204042FBE7C046CC16002071
:1038A0002CDB01200000042010B5FFF7E2FF000030
:1038B00013B50C001900074B002A01D1064B1A0062
:1038C00001920093020023000448FFF7C7FF012084
:1038D000FFF7CFFF10CB0010FAC900101DCB00106E
:1038E00010B5FDF775FF044C044B9C4200D310BD8E
:1038F00008CC9847F8E7C046ACC90010B0C9001022
:10390000030010B5080011001B68984710BD0000A7
:10391000F8B50C000021437D0500160008008B421D
:103920001ED1110020002B689847F8BD002927D030
:10393000631E5B5C0D3B5A425341DBB2625C4F1C21
:103940000A2A0CD1002B0AD1814203DD091A2B6807
:10395000201898470D4802212B68984738003900F5
:103960008E42E3DC86420DDD311A2B682018984721
:10397000A419013C23780D3B5A4253412B75D4E7DF
:103980002B7DDBE7002ED0DDF2E7C0464CCB0010EC
:1039900010B5FDF7F5FD0023054A12184B41002B29
:1039A00002DA0122034B5242034808F0C1FF10BD66
:1039B00040420F00FFFFFF7FC012002010B50248F9
:1039C00008F07EFF10BDC046C0120020F0B585B0E3
:1039D00006000C001D000092FFF7DAFF0190631C47
:1039E00003D1300004F008FD0400144F002D00D175
:1039F000134F144B1D68002D07D1019B002B01D0E4
:103A0000FFF7DCFF200005B0F0BD2B68002B13D0C2
:103A10000D4B1B68002B01D0AB420DD122003100B1
:103A20002800B847009B002B06D002ABD91D0A2303
:103A3000012228000B70B8472D69DCE7113900100E
:103A400001390010C0160020C8160020054B10B523
:103A50001C68002C00D110BD6368002B00D0984773
:103A60002469F6E7C01600200020704713B56B46A6
:103A70000400D81D0123002219000470FFF7A6FFDF
:103A8000200016BD70B5050004F0B6FC012304004B
:103A900001001A002800FFF799FFFFF7D7FF200069
:103AA00070BD0000F0B50400022787B00620039126
:103AB000FDF7F2FD636880253B400493231D0593C9
:103AC000214B0290E3181F60039B6D005802D90D33
:103AD00002000B00002B07D1029EB24204D802372D
:103AE00012184B41AF42F5D1FF2680237E435B0085
:103AF0000193019D31006B1E02980193FDF774FF45
:103B0000039B984219D9FF22276121686B1E1B0273
:103B10004B401202134080225201A41880229201CD
:103B2000944629002360059B049A634479430298D4
:103B30001A60FDF759FF07B0F0BD019BF61B012B82
:103B4000D7D11D00DFE7C04604300000164B70B52A
:103B5000C218531E9A41012310329340134A0400A5
:103B60001360134A134813601D0002689543FBD18C
:103B70002000FFF797FF02220F4B6168E3181A60DD
:103B80000723256811406B40CF252B4080256D0110
:103B900065192B60094BE318196009496418032162
:103BA00021601A6070BDC0460040FCBF00E00040CC
:103BB00000F0004008C00040043000000420000075
:103BC0002420000007B5044B0100009300220B23C2
:103BD0000248FCF76DFF0EBD4ECB001022190020ED
:103BE000024BD8688007C00F7047C04600C0054030
:103BF000092010B5FDF750FD8023074A1B02136012
:103C0000064A074913601C000A689443FBD1054B20
:103C10000138186010BDC04600E0004000F00040D0
:103C200008C0004000C005408023028870B55B01D9
:103C3000040000209A423BD2A378013B0B2B37D8DB
:103C4000E378013B1E2B33D82379062B30D86379D8
:103C5000172B2DD8A3793B2B2AD8E2793B2A27D8DA
:103C6000144DE860FFF7BCFF0028FBD10022A35EE3
:103C70000222A2561B03120213430322A25613432D
:103C80006B6005220423A256E35612041B0613435D
:103C90000722A25613430622A25612021343AB6018
:103CA0001023EB600F3BEB60FFF79AFF0028FBD07F
:103CB00070BDC04600C0054070B50400FFF790FF1E
:103CC000002817D00C4A3F26D36992695901490F41
:103CD00021711F211D0C0D4065711D0A3340E371D8
:103CE00013021B0D2380130535401B0F0A40A571DD
:103CF000A370E27070BDC04600C0054010B5FEF76D
:103D0000B3FD10BD10B5FEF7C3FD10BD030080B2BA
:103D10007F2B13D980220020520293420ED2B6226A
:103D2000FF3291420AD1064A1188994204D00130EB
:103D300080B202328028F7D18030C0B27047C046CE
:103D40001ACE00108023F0B55B020400984221D205
:103D500080221E4983B25201904200D31C49FF26A3
:103D60000A880800002A14D0934212D345880431EF
:103D7000280A3540AF18BC4223DA082809D808F0D1
:103D8000CFFD050B11131517191B1D00A21A5200A8
:103D9000535A1C002000F0BD01209A1A02409B1AC1
:103DA0009BB2F6E7103BFBE7203BF9E7303BF7E738
:103DB0001A3BF5E70833F3E7503BF1E7054A9B1858
:103DC000EEE70028CCD16D004919C9E76CCB001093
:103DD0005ECD0010A0E3FFFF4278017883781202E5
:103DE000C07811431B040B430006184370470300BF
:103DF00010B542780178120280781143DA78000415
:103E00000843120610435A7919799C7912020A4321
:103E1000D979240422430906114310BD0B0A01700D
:103E200043700B0C090E8370C1707047110A027049
:103E30004170110C120EC2701A0A037142711A0CF1
:103E40001B0E81708271C37170470000F0B50024B1
:103E5000036802001C571878591C002C2DDA1F210A
:103E600004008C43C02C2AD1012508403F265D194F
:103E70005C78991C2700B743802F30D180013440F3
:103E8000013320439D42F3D10300164C803BA342F3
:103E900025D88024144B2401C318A3421FD38023A8
:103EA0005B02984209D3114B114CC3189B0180054A
:103EB000800D234003430F4818431160F0BD0F21CC
:103EC00004008C43E02C02D102250840CEE70721F4
:103ED00004008C43F02C02D103250840C6E70120E2
:103EE0004042EBE77FFF10000028FFFF0000FFFFCC
:103EF0000000FF0300DC00D8F0B504000020154AE4
:103F00000300944601271568002D16D02668B54297
:103F100014D15568A668B54210D19568266BB54294
:103F20000CD11020002914D11B016344D86801383A
:103F3000FF384342584100010BE038000133103292
:103F4000102BE0D1002801D0002002E0022900D08F
:103F50001220F0BD7C140020F0B51E4C002322007E
:103F600006682568B54207D165688768BD4203D1F8
:103F7000A568076BBD4221D001331034102BF0D15E
:103F800000242301D55823000134002D12D11C0137
:103F900016518668006B14196660A060E5600129FF
:103FA00014D019015118C968013118011218D160D3
:103FB000581CF0BD102CE4D10020FAE70129F0D103
:103FC000002019015118C9688142F2D180214900AD
:103FD000EBE7C0467C140020431E10B502200F2BD7
:103FE00012D80A4C1B01E118CA68FE30824204D183
:103FF0000022CA600020E05006E0002AFAD0013A10
:104000000020CA60002AF5D010BDC0467C140020F4
:104010000023190010B5054A1468844200D11160CC
:1040200001331032102BF7D110BDC0467C14002094
:10403000C36A8A1E023B10B500210400002093428F
:1040400008D9002360891900FEF7A0FB226D636D7B
:104050008018594110BD70B50500C16D500A0C1D86
:10406000D9050843590A2B685A890023FDF7FAFC41
:1040700003002068002806D0834202D31B1A0834AC
:10408000F7E76068181870BD93B21B0A8A76CB7682
:104090000378032B03D1120C0A75120A4A75704774
:1040A0000100030000200B314208C00110431A78C0
:1040B00001338018C0B28B42F6D1704770B505004D
:1040C00041780020020001314901022A09D0AC5C8C
:1040D0004608C0032018801980B201329142F4D8FA
:1040E00070BD0322F9E700000368010010B5002B42
:1040F0000BD01A00107801321F2810D93A28F9D1B4
:1041000018783038C4B2092C02D90120404205E0A9
:1041100002339A42F9D10128F7DC0A6010BD014B45
:104120001878FBE7241900200123F0B508241D00AE
:10413000074E1A000A40571EBA41424050082A4210
:1041400000D070405B00013CDBB2002CF1D1F0BD2F
:104150002083B8ED70B504000D00002804D10923B8
:10416000002218002A6070BD0368002BF7D01A786F
:10417000002AF4D08188DA889142F0D1587803F08F
:10418000B7F90122030013401042E8D12268E8E7A2
:1041900070B504000026FF250234A31E18880028ED
:1041A00001D1300070BDFFF7CDFDF303760882B278
:1041B0009B1928401B189BB2DE03120A5B089B1850
:1041C000F618B6B2E8E7F0B50379040087B0002B23
:1041D00003D10025280007B0F0BD0700226E636EF2
:1041E0000126683740783900009603F0B9F9051EBA
:1041F00022D1226E636E04920593236B2071029389
:104200000390226C636C04980599801A99410A0006
:104210009542DED1029A8242DBD9E378022BD8D1D3
:1042200002980399049A059B009612184B41390095
:10423000607803F095F9CDE73500CBE7F7B51E00C0
:10424000036E04001500934203D1436E0020B34275
:1042500015D02000FFF7B7FF002810D1012721005B
:104260002A00330060780097683103F062F9002873
:1042700003D001256D4238002E0025666666FEBD1E
:104280000021F8B50400017101204042C1172066E9
:1042900061662000FFF7D2FF0423002864D12700C5
:1042A000324A324BA2185578E35C314E2D021D4341
:1042B0006837B54207D10B2238002E4908F010FBB1
:1042C0000123002850D03B78EB2B03D01833DBB20E
:1042D000012B44D8B54207D1200008222649BA3024
:1042E00008F0FEFA031E3FD0220073321178537893
:1042F00080221B0292000B43934230D1230075337E
:104300001B78002B2BD05A1E134228D12200763264
:10431000537811781B020B4321D0230078331B788C
:10432000013B012B1BD81379D1781B0203320B43BD
:1043300015D0D37891781B020B437F2B07D8200030
:104340008830FFF749FD80235B02984207D37E3413
:104350006278237812021A4300239A4204D1074B51
:10436000ED186B1E9D41AB1C1800F8BD66020000E5
:1043700055AA00001ACF001026CF0010AB55FFFF42
:10438000F0B50027023985B00E0B0393836DC46D21
:10439000F61867410B05DB0D009307230124194034
:1043A0008C4005000192E4B20120002132003B0064
:1043B00036184F412800FFF741FF002825D1802300
:1043C0009B009C462100009BEB1868331A780293EF
:1043D00011404B1E9941039B994219D0029B6240A8
:1043E0001A7001232B71019B013B0193002B0DD00F
:1043F0006200D4B2002CE5D1009BD2B2013301346B
:1044000000926345D0D00093DCE7012005B0F0BDF9
:104410000220FBE7F7B5012203000D0091421AD9F3
:104420000468E16AA94216D920780138032812D815
:1044300008F076FA0232485E0023206C616C6F0847
:104440007F197A0A12184B412000FFF7F7FE002867
:1044500003D0012252421000FEBDFB05DB0DE31824
:1044600068337E1C1F780300206C616C720A12187E
:104470004B412000FFF7E2FE0028EAD1F605F60DD9
:10448000A4196834227812023A43EB0701D51209C5
:10449000E1E71205120DDEE70023206C616C2A0AA9
:1044A00012184B412000FFF7C9FE0028D1D1FF218F
:1044B0006D0049000D40641968346278207812025A
:1044C0000243C8E70023206C616CEA0912184B41D3
:1044D0002000FFF7B3FE0028BBD12000FE24AD0072
:1044E0006400683025404019FFF776FC0201CEE7F2
:1044F0001E695F693200D9793A4302D09A68002A6E
:1045000002D101220029A6D19A68AA1A0192022991
:1045100014D101225242D31792197B41D905500A76
:1045200008436289590A0023FDF79CFA019B012286
:10453000834200D98FE722D06A1C8CE7032903D17C
:104540009A6901998A42F7D8D969002917D10B00D5
:10455000206C616CEA0912184B412000FFF76EFED7
:10456000002800D075E72000FE24AD00640068300C
:1045700025404019FFF730FC420052086BE7014A22
:1045800069E7C046FFFFFF7FF7B50668050033788F
:104590000C008022042B04D09203A24203D80220F4
:1045A000FEBD5205F9E7E206F9D1AF682C63002F92
:1045B00021D1022B1AD8328963099342EFD2B26C0F
:1045C000F36CAA63EB63AA6BEB6B11006F63194387
:1045D000E5D00021600A12184B41E4056836E40D6D
:1045E00034190800AA63EB632C64D9E7B36CEF714C
:1045F000002BE0D01F0073895B020193019B3900FF
:104600009C4205D23000FFF713FDA863E963DAE7A7
:104610002800FFF7FFFE0700431C07D00128BED982
:10462000F36A8342BBD9019BE41AE7E70120B7E7AD
:10463000F0B506000F001400022585B001290AD943
:10464000C36A8B4207D903780093AB4200D17AE06A
:1046500004D8012B29D0280005B0F0BD009B02250D
:10466000033B012BF7D80023CA09416C006C1218D8
:104670004B413000FFF7E2FD051EECD1FE21BF00EB
:1046800049000F40310033786831CF19042B07D02F
:104690003800FFF7A1FB2401000F240900070443A1
:1046A00021003800FFF7BAFB43E04B085B18019389
:1046B000002301994A0A416C006C12184B413000EA
:1046C000FFF7BCFD051EC6D1330068330293019B82
:1046D000029A01330393019B0099DB05DB0DD3188C
:1046E000009A3A400192E2B20F4208D00F21FF2017
:1046F0001A7800010A40210101400A43D2B21A701F
:1047000001233371002303994A0A306C716C12182B
:104710004B413000FFF792FD051E9CD1039BD9054C
:10472000029BC90D5918019B002B05D02409E4B246
:104730000C70012333718EE70F220B78240A934308
:1047400014401C43F4E700230A0A416C006C121861
:104750004B413000FFF772FD051E00D07BE7FF21C3
:1047600033007F00490068330F40DF193C70A4B26A
:10477000240A7C70DDE7F8B504000D001600E3693B
:10478000002B01D11800F8BDEF1A32002068791C07
:10479000012B00D0BA1CFFF74BFF0028F3D1E369CF
:1047A000013BE361EBE7F7B506000C001700056875
:1047B000012901D80220FEBDEB6A8B42FAD9002AFA
:1047C0000FD10094210030000194FFF723FE041E56
:1047D00016D12B78042B02D1002F43D1F771002082
:1047E000E9E72B78042B02D1C379022BE9D001220F
:1047F000390028005242FFF71BFF0028E1D0DAE71A
:104800000128D7D0431C01D10120D4E72B78042BF9
:1048100019D1EA6AAB69023A93421CD3019A013278
:10482000A2420CD02B78042B08D1009B2800D21A6E
:1048300000990023FFF7A4FD0028BCD10094EB6A87
:10484000A342BFD8C5E7002228000199FFF7F0FE78
:104850000028DED0AFE701220133AB616B7913434F
:104860006B71DBE7F379002B11D1B468BC4202D144
:104870000223F371B3E721003000FFF7CBFD0128DD
:1048800098D9431CC0D001348442EFD0A7E7032B52
:10489000A5D1B368BB42A2D8B2699B18BB429ED3D4
:1048A000E6E770B5C37904000020032B06D1A168A8
:1048B000A369CD18A94202D10020E07170BD4E1C41
:1048C00032002068FFF7B4FE0028F7D13100F1E78D
:1048D000F0B589B005000F00FFF775FC0600012058
:1048E000002E47D139002800FFF7A2FB0290039168
:1048F000029B039C2B666C662B0080226833180099
:10490000310092000593FDF7CFFF80236C891B02D5
:1049100064029C4200D31C008027BF00BC4240D9E7
:104920002000FFF7EBF9061E06D022000021670ADF
:10493000FDF7BAFF002412E06408EFE700230298B5
:10494000039906940793069A079B009712184B4108
:104950003100687802F004FE002803D1E4196B8965
:104960009C42EBD33000FFF7CDF96889001B431E52
:104970009841C0B209B0F0BD01346B899C42F4D2B9
:104980000123687800930599029A039B02F0E8FDE1
:10499000029A039B92197B41029203930028EBD069
:1049A000E3E7002401260027E7E70000F7B504004D
:1049B000FFF709FC051E49D12378032B3ED1677907
:1049C000012F3BD126008022683601009200300082
:1049D000FDF76AFF55221E4B4121E2541D4B9218F0
:1049E000E254220052236932337013702300612293
:1049F0006A3393201A70597072238000235416482A
:104A00002354164BE154164BE2540133E018A169CC
:104A1000FFF704FA95239B00E0186169FFF7FEF9A0
:104A2000A06BE16B0122002312184B41009731006B
:104A300022666366607802F093FD657100226078FB
:104A4000110002F0A4FD431E9841C0B2FEBDC04655
:104A500066020000670200004D0200004E020000E6
:104A60004F0200000023F0B50B6093B00E0017005A
:104A7000FFF73AFB0B25002819DBBA4B8000C4581E
:104A80000135002C13D03D00346001262378B54356
:104A9000002B0FD0607802F02BFD30420AD1002DA0
:104AA00005D0042305001D40184200D00A25280027
:104AB00013B0F0BD00236078237002F026FDC30719
:104AC00000D5A1E2002D01D04307EFD4002200233E
:104AD0002000FFF7D5FB022800D03BE1A24BE35CAE
:104AE000EE2B00D014E1012200232000FFF7A6FBEB
:104AF000002800D030E1230068330C2218009B49C5
:104B0000009307F0EDFE051E37D120007430FFF74B
:104B100063F90200D2235C3A07005B009A422CD86A
:104B2000012676422B00103B0021032B01D9009B6C
:104B3000595D3000FFF7F8FA01350600AF42F1D1B8
:104B400020007830FFF748F9F643864215D120005F
:104B5000BC30FFF741F980280FD12000B830FFF7B3
:104B60003BF90700802808D82000B030FFF73FF954
:104B7000002602900391BE4201D10D2597E7F50171
:104B80006B0A04930023029803990593049A059BEA
:104B900012184B412000FFF751FB002800D0DBE04A
:104BA000C0235B001D40009B10227149581907F07B
:104BB00097FE002801D00136DDE72800009B203059
:104BC0001818FFF714F902000B002000FFF758FB3C
:104BD0000128F0D8226E636E009201932300733394
:104BE000012800D012E12200A8321D78002DC4D186
:104BF00001339342F9D12200D032117853788022C8
:104C00001B0252000B439342B7D12300D4331B78CD
:104C1000092BB2D12000B030FFF7E9F80290200054
:104C2000BC300391FFF7D8F823002063D6331B78FC
:104C3000E370012BA1D12200D53212789340069364
:104C40006B461B8B6381002B97D02000C430FFF78D
:104C5000C3F8484B049098428FD8030020000233D9
:104C6000E362C030009A019BA263E363FFF7B4F8EC
:104C7000009A019B06002F002000B6185F41B83053
:104C800026656765FFF7A8F82B00020000980199D8
:104C900012184B41226463646B46049A1B8B2900F3
:104CA0005A431000029A039B36184F41009801990D
:104CB00012184B419F4200D95FE702D1964200D9BA
:104CC0005BE720000025C830FFF786F82E00A064BF
:104CD000E564002D13D16389B34200D84DE720006D
:104CE000A16CFFF7A5F908960995089A099B121877
:104CF0004B412000FFF7A2FA00282DD1013663199D
:104D000068331B78812B3BD02035ED05ED0DE0E7B6
:104D1000194B0EAEE518194BE7182800FFF75CF8A1
:104D2000103501C6BD42F8D100250326AB000EAAFE
:104D3000D2583000002A06D000232000FFF7A0FA46
:104D4000012800D846E70135042DEFD1042800D012
:104D500013E701E0042801D10125A8E6012800D8C5
:104D600038E70AE7741400202A0200003FCF001041
:104D7000EBCF0010FDFFFF7F2E0200006E0200004F
:104D800028002600143068363018FFF725F8050093
:104D9000012800D8F1E6E36A834200D8EDE6608995
:104DA000A91E414300230A00206D616D12184B417A
:104DB0007F27A265E365206C616CEB090A930023F1
:104DC0000B930A9A0B9B12184B412000FFF736FAFF
:104DD0000028C1D12800384080003018FEF7FCFFC1
:104DE000431C03D00135A842E5D0C6E60426A061E5
:104DF00060610025884A20001388267001339BB229
:104E0000E380E5611380FFF703F950E6802219780B
:104E10005B7892001B020B43934200D0ADE6230067
:104E20007E3358781A7800021043029004D1200093
:104E30008C30FEF7D1FF0290029B2363230078336E
:104E40001E78731EE670012B00D996E62300753399
:104E50001D78ABB26381002B00D18EE66B1E1D4224
:104E600000D08AE6230079331A785B781B0213435B
:104E7000049323811B0700D07FE623007B335878FF
:104E80001A780002104303D120008830FEF7A4FFF7
:104E9000230076335F781A783F02174300D16CE61F
:104EA000029B73430D93049B0D9A1B09DB199B18FE
:104EB0000893984200D260E6C61A29003000FCF739
:104EC00093FDAE4200D258E6544B984200D954E6C6
:104ED000534B984200D899E00326009A019BA263A5
:104EE000E363002306970793851C009A019B0698AD
:104EF000079912184B41009801990A920B9322646A
:104F000063640023089AE56212184B4122656365C9
:104F1000032E62D122009232537811781B02049A38
:104F20000B4313431FB2002B00D026E62000943021
:104F3000FEF752FFAD00A064E7643A4BED18029B08
:104F40006D0A9D4200D918E601235B42A3616361AB
:104F500081336371032E00D04BE7220098325378DF
:104F600011781B020B43012B00D042E700980199F6
:104F7000012200238018594102000B002000FFF796
:104F80005DF9002800D034E7274B6071E25CE3183C
:104F90005B781B021343254A934200D029E7200087
:104FA0006830FEF719FF224B984200D021E7932387
:104FB0009B00E018FEF710FF1E4B984200D018E748
:104FC00094239B00E018FEF707FF95239B00A06148
:104FD000E018FEF701FF60610BE7049B002B00D196
:104FE000CBE50A980B990D9A079B12184B41A264C6
:104FF000E364022E01D16D009FE7032301206B4380
:1050000005405B085D1998E7032550E50A4E864286
:10501000B6417642013660E720190020F5FFFF0F08
:10502000F5FF0000FF0100006602000055AA000025
:105030005252614172724161F50F0000F0B587B0C4
:10504000060005680091002907D16F69002F02D082
:10505000EB6ABB4212D8012710E00099FFF7DAF99A
:105060000400012803D80124200007B0F0BD431C30
:1050700000D1DDE0EB6A009F8342F5D8AB69002BDD
:1050800001D10024F0E72A78EB6A042A00D088E0F6
:10509000BA1E023B9A429B411A4014000192230B14
:1050A00002930023A86DE96D0393029A039B1218E3
:1050B0004B412800FFF7C2F8002800D0B8E00723D2
:1050C0000121234099408020CBB2E96A8000023957
:1050D0000591844621002205D20DA8186830007879
:1050E00001341840049005985B00DBB2844203D37E
:1050F000002380221C0092000498002816D18C1CEA
:105100000131CB1CB0D8012321001A002800FFF781
:1051100037F90228A7D0012800D189E0009B002B95
:105120000FD10233F37100289DD12DE00199A142E6
:10513000A7D0002B03D101326245B0D20123210058
:10514000CBE7F379022B07D17B1CA342EBD0B368EA
:10515000FF1A0323B761F371009AF3690132A24287
:1051600005D10222002B00D05A1CF261DBE7002B94
:1051700001D10133F361220030000099FFF7FBFAFF
:10518000002852D10123F361EA6AAB69023A6C61EB
:10519000934201D8013BAB6101236A7913436B71E0
:1051A00062E7009A974215D17C1CA34200D80224E2
:1051B00021003000FFF72EF9012800D153E7431CEE
:1051C00036D000281DD06B69012B03D9EA6A9342BF
:1051D00000D21F003C00EB6A0134A34203D8012F28
:1051E00000D84EE7022421003000FFF713F9002811
:1051F00009D0012800D136E7431C19D0BC42EAD1BE
:105200003FE7002CE6D00122210028005242FFF7A0
:105210000FFA002809D1009B002BB5D022001900FD
:105220002800FFF705FA0028AED0012800D01AE7C1
:105230000124644218E7F0B5036B056885B020339C
:1052400001932B7804000391042B29D080239B0326
:10525000019A934203D800220023A263E363A66B62
:10526000E76B330004203B4318D0019BDB05DA0DCC
:105270000292002B4CD10122002392197B41616BD9
:10528000A263E36300290ED1019B2A895B09934243
:105290003ED3002200230420A263E36305B0F0BDE7
:1052A00080235B05D4E76B89019A013B520A1A42BD
:1052B0002ED12000FFF7AEF80600012801D8022009
:1052C000ECE7431C01D10120E8E7EB6A834218D8E0
:1052D000039B002BDDD02000616BFFF7AFFE0600C3
:1052E0000720002EDAD0012EE9D0731CEBD031005C
:1052F0002800FFF7EDFA0028E5D10423E2791343F3
:10530000E371310028006663FEF792FEA063E1635B
:10531000019B68352363029B0020ED182564BDE7DF
:10532000F8B50E00002104000768FFF72DF90028EA
:1053300016D10500A26BE36B3800FEF77FFF002853
:105340000ED1236C3A781B78042A0DD15BB2002B66
:105350000EDA050001212000FFF76DFF0028E9D0DB
:10536000042808D1033006E0E52B01D0002BF0D152
:105370000135B542EED1F8BDF7B505000068AA6B5E
:10538000EB6B0669FEF75AFF041E04D1296C0B78FB
:10539000852B02D002242000FEBD20223000FDF724
:1053A00089FA737801335B011A0001938023603A14
:1053B0009B009A42EED821002800FFF73CFF040032
:1053C0000428E7D00028E6D1AA6BEB6B2868FEF72B
:1053D00035FF041EDFD1296C0B78C02BDAD12022D7
:1053E000B018FDF767FA331DD87F0F212C30FCF77A
:1053F000FBFA019B40019842CCD8402700212800AD
:10540000FFF719FF04000428C4D00028C3D1AA6BF9
:10541000EB6B2868FEF712FF041EBCD1296C0B78D9
:10542000C12BB7D1A033FF339F4203D22022F01902
:10543000FDF740FA019B2037BB42DFD898239B0041
:105440009F42A8D83000FEF739FEF378B2781B02ED
:10545000134383429FD09DE7FF220B6810B5036082
:105460000B6A040083604B6AC3719343036100239A
:10547000896A4361C3610165FFF786F8002802D19C
:105480002000FFF779FF10BDF8B5036806001F691B
:105490003800FEF713FEB870000AF870316D300066
:1054A0007D78FFF771F80400002C05D0251C022C34
:1054B00000D90225E8B2F8BD3068B26BF36BFEF795
:1054C000BDFE041EF2D120223900306CFDF7F2F946
:1054D000012233681A71002DECD021003000FFF753
:1054E000AAFE20370400013DDEE70000F7B503689F
:1054F00005000093FF2304241E000193AA6BEB6BAD
:105500001100194303D1002C00D186E071E000980E
:10551000FEF794FE041E00D06BE0286C0378002B8D
:1055200000D180E0009A1278042A10D1852B59D13D
:105530002B6B28002B65FFF71FFF041E59D13F225C
:10554000009B1B691B791340AB712000FEBD3F21FE
:10555000C27A0A40AA71E52B52D02E2B50D01700E8
:105560001F398F43082F4BD00F2A4FD131321342AE
:1055700044D09343417B1E002B6B01912B65437BF1
:10558000019A93423CD1C37E817E1B020B4337D1EB
:1055900040210124009AD268944602788A43013A55
:1055A00033394A432149595C475C4118497809021B
:1055B0003943002C26D0FF2A22D867465400E153F5
:1055C0000C00013201330D2BECD103785B0607D5BB
:1055D000002C05D0FF2A13D80023614652005352F5
:1055E000013EF6B200212800FFF725FE041E00D17F
:1055F00084E700220023AA63EB63A6E7B342BED090
:10560000FF26EFE70A4FB942DCD0F9E7002E06D1BA
:10561000FEF746FD019B984201D1002495E7012346
:105620005B422B6591E70424E3E7C046FBCF001003
:10563000FFFF0000F0B5002189B004000768FEF705
:10564000A3FF019000280CD13B78042B3BD1F868D4
:10565000FEF79EFD03902000FFF748FF051E03D0D4
:105660000190019809B0F0BD3B695A1DD17F9A1D88
:10567000D27F12020A4303999142ECD140260433AF
:10568000DB7F0293029B9D4205D1FB686D00EB5AC4
:10569000002BE0D1E5E71F231E4200D102363B6913
:1056A0009A5D9B19587800021043FEF74BFBFA688D
:1056B0006B000090985AFEF745FB009B8342CAD1CD
:1056C00002360135DEE701235B4223650133FF33F8
:1056D0001E0004933800A26BE36BFEF7AFFD0028B9
:1056E00070D1256C2B780093002B00D18EE03F23E6
:1056F000EA7A00991340A371E52903D0120705D572
:105700000F2B05D001235B42236560E00F2B65D191
:1057100023004F331A7840231A424DD1009A1A427F
:1057200052D06A7B0492009A9A43236B00922365BD
:105730006B7B049AFF2693423ED1EB7EAA7E1B022E
:10574000134339D13F21FA68F23E05922A78029339
:105750000A40013A5643012202992E4BCB5CE95C88
:10576000EB185B781B020B430393002A31D0FF2E0A
:105770002DD81800FEF7E6FA731C0793059B7600F8
:105780000690F05AFEF7DEFA069B83421FD1039A79
:10579000079E029B013302930D2BDDD12B785B0614
:1057A00007D5002A05D0059A73009B5AFF26002BC7
:1057B00002D1009E013EF6B200212000FFF73BFD22
:1057C000002887D001904CE7009B9E42B0D0FF2676
:1057D000F2E7114B03999942DBD0F8E7002E06D18E
:1057E0002800FEF75DFC049B984200D139E72300B6
:1057F0004F331B78DB0785D421000B22280044316E
:1058000007F06EF8002800D07CE72AE70423019314
:1058100027E7C046FBCF0010FFFF00000100F0B5F6
:105820004F310B789DB001935F230400019806254A
:10583000984300D09BE027680090FA68009B5B00CB
:10584000D35A002B52D13B780293042B00D093E023
:1058500000980F210E30FCF7C7F8811C06002000CD
:10586000FFF75EFD051E00D081E0236B0136760157
:105870009E1B029AE379266513423BD09343200096
:10588000E371FFF70EF800282ED101222000616B92
:105890005242FEF770FF002826D1A368002B29D0C2
:1058A000210006A8FFF7D8FD00281DD10300798943
:1058B0004A022069616912184B41386922616361AB
:1058C0003830FEF7B3FA2269636938692830FEF789
:1058D000ADFA01223B69E17902330A43DA7706A87F
:1058E000FFF7D2FD002805D0050040E0009B013302
:1058F0000093A3E73C69402200212000FE68FCF7EA
:10590000D3FF8523C02223700420631CDA77002391
:1059100001214027001B00930190E019C127077067
:1059200000274770002905D05900895B002901D064
:105930000133DBB21F220F0AC770019F81703F182D
:1059400002301742EED1009A501C5A00925BC0B24E
:10595000002A0FD1009A211D0232CB7730006270ED
:10596000FEF716FC631DD8770634000AE07728009E
:105970001DB0F0BD0090D0E7230006AA443361CBF0
:1059800061C20126019B334200D1C4E040230B7069
:10599000220006AB4432F96821CB21C210001A88DC
:1059A00002809B7883703300052E49D80F2207218F
:1059B000944662461A401000303002931B09392881
:1059C00001D93732100004AD4A1E4855012902D0D2
:1059D00002990F2938D87E23250004A98B5400236F
:1059E00043359A4203D0591C685C20282ED12000F0
:1059F000202543302900072A02D804A9895C0132F6
:105A00000133C154072BF5D92000FFF713FE051E03
:105A100000D079E00136642EBAD10735A7E710200F
:105A2000023101251540AC4680255B0063446D02C0
:105A300052082B4201D0504D6B4001380028F0D164
:105A40000A88002AEBD1B1E71100B2E70B00C8E7E2
:105A5000009B20005901236B591AFEF795FD051E86
:105A600000D084E720004430FEF71AFB0390380092
:105A7000A26BE36BFEF7E2FB051E00D077E7FB6845
:105A8000226C02936B461B78FF210193039B3B4DD5
:105A900053730F23D372009BAC460B40013BF2398A
:105AA0004B43010010739076D076604503D0029D81
:105AB0005800405B0133324D4D5D55192E00287062
:105AC000050A7570002800D12C4801310D29ECD150
:105AD000604504D002995B005B5A002B03D1402340
:105AE000019919430191019B0021137001232000AA
:105AF0003B71FFF7A0FB051E00D038E7009B013B80
:105B00000093002BB3D11BE0042800D02FE7230023
:105B1000019A4F331A70019B01269B0705D5009807
:105B20000D210C30FBF760FF861931002000FFF7D4
:105B3000F7FB051E00D01AE7731E0093012E87D1D4
:105B4000A26BE36B3800FEF779FB051E00D00EE771
:105B500001002022206CFCF7A7FE21000B22206C04
:105B60004431FCF7A7FE1821226C4F3423780B40F8
:105B7000137301233B71FAE621100100FFFF0000BF
:105B8000FBCF001070B5040034300D00FEF724F98F
:105B9000A86020003830FEF72AF9022228616961E6
:105BA0000234E37F1340EB710023EB6170BDCB7EC9
:105BB0008A7E1B021343032805D14A7D087D120209
:105BC000024312041343180070470000F0B5036845
:105BD0009FB004930B78040005912F2B3DD05C2BD4
:105BE0003BD0049BDB690093A3600023E361049B2B
:105BF0001B78042B1FD1A368002B1CD0049B210011
:105C00001B6A08A82362049B5B6A6362049B9B6A0D
:105C1000A3620093FFF720FC051E19D1049B1E69A7
:105C200030003830FEF7D8F8022220616561023674
:105C3000F37F1340E371059B1B781F2B00D93FE1D5
:105C4000230080224F33002120001A70FEF79CFCB5
:105C50001FB0F0BD059B01330593059B1B782F2BCF
:105C6000F8D05C2BF6D00023BEE72F2D14D05C2D8E
:105C700012D07F2D06D881B2C04802F05DFB00280B
:105C800000D0FBE0FE2E00D9F8E0019A73009D528F
:105C900001361BE101330893089B1A782F2AF9D0AB
:105CA0005C2AF7D01F2A00D822E1002521E1022E2C
:105CB00004D1019B5B882E2B00D11FE1019B991E13
:105CC0007200002E39D1002301998B529E4200D1DF
:105CD000D4E001995A008A5A1F000133202AF8D0D3
:105CE000002F01D12E2A01D103231D43019B9A1EAF
:105CF0007300D35A2E2B02D0013E002EF8D1200083
:105D00000B2220214430FCF7CFFD0823039300230E
:105D1000029300937B1C0693019B7F00FF5A002F88
:105D200024D0202F05D02E2F0ED1069B9E4200D1CD
:105D30001DE103231D43069FECE78B5A202B01D066
:105D40002E2BC0D1013EBBE7029B039A934206D2A1
:105D5000069B9E4243D1039B0B2B36D102E0039B53
:105D60000B2B2AD103231D43083303932300443311
:105D70001A78E52A01D1E03A1A70039B082B03D167
:105D8000009B9B00DBB200930C23009A13400C2B6A
:105D900002D0D3439B0701D102231D43AB0700D59B
:105DA000C3E0009BDB0701D510231D430422009BA9
:105DB000134200D1B9E00823B6E0069B9E4204D00E
:105DC00003231D43069B9E42D0D3009B06969B0057
:105DD000DBB200930B230393033B0293ABE77F2FCC
:105DE00011D90223B62138002B43FF310793FDF769
:105DF0008DFF0700030610D57F20614B0740DF5D54
:105E0000079D002F05D039005E4802F095FA002862
:105E10001ED003235F271D4313E0FF28F0D9039B07
:105E2000029A013B9A4203D303231D43039BD4E709
:105E3000029B020AE31844331A70029B079D013348
:105E40000293029BE31844331F70029B0133C4E7A3
:105E50003B00413B9BB2192B04D80223009A1A4302
:105E60000092EEE73B00613B9BB2192BE9D801237E
:105E7000009A203F1A430092BFB2E2E70620E7E60D
:105E8000002A00D0E4E60520E2E60422134200D016
:105E9000DEE6A379DB06F6D5049B187890425CD148
:105EA000A36822692362FF239A431300E279210049
:105EB00013436362236DA362049B1869FFF762FEBC
:105EC0000026059B08932368DB68019308A8FDF76B
:105ED000BDFF431CD2D080235B02984204D30199BA
:105EE0007300020C5A52013685B21F2D00D9BCE650
:105EF0000425089B0593012E00D0D8E6019B1B8842
:105F00002E2B00D0DAE600230199720053522100B3
:105F10002E202027443102009E4200D83A00CA5465
:105F200001330B2BF7D115331D4323004F331D7065
:105F30002000FFF77FFB21004F310B780028A4D011
:105F4000042800D084E61A0002409B0698D5002A57
:105F5000B6D0802300200B707AE6236B0499DB0512
:105F6000DB0D6831C918FFF722FEA060A8E7029B8D
:105F7000039A934200D2EEE61300EDE62FCF001015
:105F80006BCF001038CF0010F0B587B0039005A894
:105F9000140002910591FEF7A7F8051E20DB114EB3
:105FA00083009F590193002F07D01A000023380067
:105FB0009351FEF72DF800233B70039B002B04D078
:105FC00000221A70019A5D70B350002C05D0002297
:105FD00003A902A8FEF746FD0400200007B0F0BDAB
:105FE0000B24FAE774140020F0B5A3B004001700E6
:105FF00009260991002800D137E13F2515402A00E4
:106000000BA909A8FEF72EFD061E00D02BE18C205F
:106010000B9BC0000C93FDF771FE11360590002814
:1060200000D122E180210B9B89004218D860099998
:106030001A610CA8FFF7CAFD061E0FD1672306AA36
:106040009B181B7806367F2B08D80123290099431B
:106050004B1E99410CA8FDF74FFF06001C231F4261
:1060600000D1EDE0002E52D0042E00D0F6E0002347
:10607000B2491A018A58002A44D10CA8FFF7CEFB76
:10608000061E00D0EAE008231D430B9B1A78042A61
:1060900000D095E0186921002360FFF773FD0B9B8A
:1060A0001E22186900210230FCF7FEFB0B9E002126
:1060B00030691A222630FCF7F7FB2023326913716E
:1060C000366901F0A7FA083601003000FDF7A6FE98
:1060D00001220B9B0CA81B690233DA77FFF7D4F976
:1060E000061E00D0BAE0A16800291DD002002000E1
:1060F000FEF759FB0600A3680B9A013B5361002E83
:1061000012D0ABE00133102BB3D11226A6E006ABC0
:106110009A7F112307261A4200D09FE001367B07A1
:1061200000D59BE03742B0D12B0701D540231D435A
:106130000B9B29001A6E5B6E226563651C9B0CA885
:106140000293A365012399434B1E9941FDF704FF78
:106150000226E062002800D180E00B9A1078042823
:1061600000D085E00E9B10692362109B0293FF23F1
:10617000029999430B0006A9C97F0B436362209BD8
:106180002100A362FFF7FEFC00210B9EE165266063
:10619000F3880022A380230030331D705970002340
:1061A0002700A264E364A263E363802260373800BF
:1061B00092000897FCF778FBAB0666D400264DE00A
:1061C00001F028FA1C9B0600180031000E300293E3
:1061D000FDF724FE1C9B3100180016300293FDF7DA
:1061E0001DFE1C9B0B9E190030780293FFF7DFFC0D
:1061F0002023029A0700D3721C9900223000FDF779
:1062000043FF002201211C9B1A775A779A77DA778D
:106210000B9B1971974287D0186E596E02900391AB
:1062200039000CA8FEF7BFFA061E17D1029A039B8D
:106230000B98FEF703F80B9B0600781E58615EE78B
:10624000002E0BD106AB9B7F0436DA0606D4BA07C4
:1062500000D469E70336DB0700D465E70598FDF74E
:1062600051FD002E01D000232360300023B0F0BD8B
:106270001C9E3100FFF79BFCA06030001C30FDF736
:10628000ABFD0023206163617EE7226963690292AE
:106290000393029B039A134300D18FE7029A039B57
:1062A000A263E3637589A1686D0200230793039BD2
:1062B0000695002B2ED1029BAB422BD8039E216466
:1062C000002E23D1029BDB0500D177E70B9D023620
:1062D0002800FDF7ADFE0B0001000200194315D0A8
:1062E0000399C9058C46674602994E0A3743380020
:1062F000002112184B410126A264E36408996878D2
:10630000009601F016F9002800D157E7E06AFDF782
:1063100063FEA3E72000FEF77DF8029A039B069E2A
:10632000079F921BBB41010002920393012803D9EE
:10633000431CBAD10126C2E70226C0E77C14002024
:10634000F0B591B00C93002303920C9A0591136061
:106350000FA90400FDF7FEFE0490002839D12300A8
:1063600031331B780493002B33D1230030331A7858
:106370000123110019400D911A4200D1D8E0A06B01
:10638000E16B22696369121A8B410499994203D126
:106390000399914200D90392039B002B19D0A26B61
:1063A000E36BD10500D0B1E0D805550A05432800BC
:1063B0000F9949890139084007900D4221D11100F8
:1063C000194309D1A068012812D802203134207065
:1063D0000490049811B0F0BDE16D002903D02000B5
:1063E000FDF739FEEFE72000216CFEF713F8EAE72E
:1063F000431C05D10123313423700D9B0493E8E73E
:1064000020640F9B216C18000693FDF711FE03001A
:1064100006000F000B43D8D0079B08930023099375
:10642000089A099BB6185F418022039B9200934211
:1064300041D35D0A069B079A5B8952199A4201D99A
:10644000079A9D1A069B3200587805993B000095E3
:1064500001F06FF80028CDD1230030331B787F2B5B
:1064600010D9A26CE36C921BBB4198420AD19542B1
:1064700008D9500221008022059B92001818603133
:10648000FCF718FA6D02039B0C9A5B1B03930C9BA1
:106490000A951B6806935B191360059B5B190593AE
:1064A00000230B930A980B99A26BE36B12184B41D4
:1064B000A263E36370E7A26CE36CB24201D1BB421A
:1064C00022D02100250030310791097860357F29DD
:1064D0000ED90699487801210091290001F040F871
:1064E000002887D17F22079B1B781340079A1370DF
:1064F0000F9B320058780123290000933B0001F0E4
:1065000018F8002800D075E7A664E764A36B039D24
:10651000D9058023C90D9B005B1A9D4200D91D003F
:10652000230060332A0005985918FCF7C3F9AAE73D
:10653000072363E7F0B59DB005A90500FDF70AFE46
:10654000041E00D07FE02F0030373B7840221C0033
:106550001440134277D05BB2002B0FDA01242900DC
:10656000059B603158780094AA6CEB6C00F0F8FF42
:10657000002868D17F223B7813403B7001F04AF835
:10658000039005980378042B60D12800FEF789F961
:10659000041E58D101222800296C5242FEF7EBF864
:1065A000041E50D18C20C000FDF7A8FB1134061E3C
:1065B00049D08022059B92008218D86029001A6178
:1065C00006A8FEF749FF041E3AD12022059B19694F
:1065D000087902430A7101211A69E87902320143FC
:1065E000D1771869A9683430FDF718FC059B186944
:1065F0002A696B693830FDF719FC059B18692A690F
:106600006B692830FDF712FC059B039918690C3063
:10661000FDF704FC059B06A81A6954751B691C74D8
:106620005C749C74DC74FEF72FFF041E08D105987F
:10663000FEF7BCF94022040030352B7893432B70D1
:106640003000FDF75FFB20001DB0F0BD2A6D6B6DC3
:10665000FDF7F4FD041EF6D12023AE6DF27A310071
:106660001343F372AA682868FDF70EFD300029690C
:106670001C30FDF7D3FB300003991630FDF7CEFB3D
:106680000123059AB474F47410001371FEF78EF9A7
:1066900040223B78040093433B70D4E713B50400D9
:1066A000FFF748FF00280BD1200001A9FDF752FD9C
:1066B000002805D1E06AFDF78FFC002800D120609A
:1066C00016BD0000F0B50500002787B00B1F009035
:1066D00002920393039B9F420ADB7A1E9741002399
:1066E000009A2B707B421A401000009207B0F0BD58
:1066F0000122029805AB04A9FFF722FE059E012E98
:10670000EBD104AB1C787F2C7AD923001F22934352
:10671000C02B43D1144005AB3200029804A9FFF707
:106720000FFE059BB342D8D1002204A913008C466A
:1067300005926146595C080001913F2188438028F9
:106740003DD0002AC6D00593B342C3D12300304ABE
:10675000803B9342BED880222E4B1201E318934215
:10676000B8D33F21802021404042A3090143DBB23E
:10677000C9B294422ED33F2633408026220B0343D6
:10678000D2B2DBB27602B4422CD220204042024385
:106790002A706B70A970033703359BE70F23220023
:1067A0009A43E02A02D102261C40B4E707232200C4
:1067B0009A43F02A00D08DE703261C40ABE73F2226
:1067C0000199A401114001330C433E3AB342B0D1C8
:1067D0000593BBE74022524213432B706970023786
:1067E000023577E71026A40C764234432C703F2400
:1067F000224010436870AB70E9700437043569E7D4
:106800006B1C2C7001371D000A2C00D062E764E776
:106810007FFF10000028FFFF07B5012211008368E9
:106820009940D0231B0659616B46D91DFF230B707D
:106830004368186806F064F807BD07B50122110027
:1068400083689940D0231B0699616B46D91DFF23AD
:106850000B704368186806F053F807BD10B543681D
:1068600019691868FDF71EF910BD000010B54368DE
:1068700002491868FDF716F910BDC046801A0600D7
:1068800010B50400FFF7C8FF2000FFF7D6FF10BDCA
:1068900010B50400406800F08FF82000FFF7CDFF2E
:1068A00010BD10B50400FFF7B7FF606800F089F86D
:1068B00010BD10B5406806F043F810BD1FB56A461C
:1068C0000B00D371FF23D11DD3730F22FE3B6A440B
:1068D000406806F035F86B46D87B05B000BD000077
:1068E00001238168D0228B40F0B51206556885B02F
:1068F0005361FF210A220400FA2601A81D40002747
:10690000FBF7D2FFFAF73CFEB60036184F41002FD6
:1069100002DA01260F4F76420A23002201A9200045
:10692000FFF7C7FFFAF72CFE32003B00121A8B412B
:10693000002BF1DC01D1002AEED10123A2689340A3
:10694000D0221206002D02D0536105B0F0BD936134
:10695000FBE7C046FFFFFF7FA0238001DB05C018D7
:1069600080235B0402691A42FCD17047F8B5060027
:106970000D0000240127F9F7EFFFA04200D8F8BD71
:106980002000F9F7EBFF4369B34209D13B00016AEC
:106990002A688B40134203D02B60343005F088FF07
:1069A0000134E8E7024BC0021840024B184370471D
:1069B00031F81FFF19801F0010B53C3005F0C8FFEB
:1069C00010BD10B53C3005F07BFF10BDF7B50400DD
:1069D000594805F0BDFF230030331B78002B00D051
:1069E0009AE02700E36B3C37002B02D13800FAF71E
:1069F0003DFA380005F0ACFF2369002B01D14F4B65
:106A000023612000012200213430FAF717FA4C49A3
:106A10002068FDF79BF8022223684A485968181835
:106A200002601868114005324240CF2002408020A9
:106A3000400118180260444A60689B1819600121DF
:106A4000F9F794FF0121A068F9F790FF0121E068B0
:106A5000F9F78CFF237E002B07D0617EA068F9F741
:106A6000B5FFA17EE068F9F7B1FF0022012160685F
:106A7000F9F794FF0120FDF7A5F8E0610120FDF78B
:106A8000A1F8E3690600206218000193FFF78AFF6E
:106A9000606205003000FFF785FF21682B4A122352
:106AA000A062914200D0023B294ADB0315401D43FE
:106AB00020239446254A9D4365620D3B914200D0B8
:106AC000023B6246DB0310401843102398430F3B00
:106AD0001900019AA06291401E4AB34010781E4AE4
:106AE00000281ED00C201D4D606115601C4D2B60D0
:106AF0001C4B19601C4B11681B78002B19D080228D
:106B0000FAF77CF860690121FAF73CF80123303488
:106B10003800237005F0D4FE074805F0D1FE0120AF
:106B2000FEBD0B20114D60611560114D2B60114BA6
:106B3000DFE7FAF743F8E5E7C812002080969800EF
:106B4000A086010004300000042000000000044082
:106B5000F37FE0FF27DB01201C19002059030020F0
:106B6000142400501434005011090020690300203F
:106B70000424005004340050F7B501318B1A0193FE
:106B80000021012305000F26080007279C46019BD2
:106B9000994200D1FEBD5418E308F31AEB5C3C4067
:106BA0002341644623408B4001311843EFE710B581
:106BB00004002C3005F0CCFE2000FFF769FE10BD6C
:106BC000402373B50B430C0069460B70130E4B70DA
:106BD000130C8B70130ACB70050095230A71002CDF
:106BE00003D08723082C00D0FF236A460026537168
:106BF0006B462800995D0136FFF760FE062EF7D13F
:106C00000C2C03D1FF212800FFF758FE1024FF2190
:106C10002800FFF753FE030602D5013C002CF6D1F5
:106C200076BD0000F8B50C000500FAF7A9FCFA22C1
:106C300006000F0000232000E1179200FBF7A6FDDD
:106C400036184F41002F02DA01260B4F7642FF2102
:106C50002800FFF733FE041E0AD1FAF791FC320038
:106C60003B00121A8B41002BF1DC01D1002AEED13E
:106C7000631E9C41E0B2F8BDFFFFFF7FF7B5070040
:106C80000E00009201930C2903D0FA21C900FFF7EE
:106C9000C9FF0324019B002B09D0372100223800B3
:106CA000FFF78EFFFA213800C900FFF7BBFF310064
:106CB0003800009AFFF784FF0500FF2800D085E028
:106CC000013C002CE6D1089B002B01D0089B1860EA
:106CD000474C2000FEBD1223184214D1602404400A
:106CE00063425C41434B64421C40434BE4180D2E0D
:106CF00031D00ADC082E25D00C2E26D0089B002B84
:106D0000E7D01D60E5E73D4CF1E7262E1DD03A2E79
:106D1000F4D1FF213800FFF7D1FDFF210600380034
:106D2000FFF7CCFDFF2105043800FFF7C7FD36064D
:106D30003543FF2106003800FFF7C0FD360205434A
:106D40003543DBE70223BB62E3E7FA213800C900E1
:106D5000FFF768FFD2E70502FF213800FFF7AEFD1D
:106D60000543CBD0EB0700D5254CAB0700D5254C10
:106D70006B0700D5224C2B0700D5214CEB0600D524
:106D80001F4CAB0600D51F4C6B0600D51B4C2B06C9
:106D900000D5194C80235B002B405A4253415B4283
:106DA0001C40AB0500D5154C6B0500D5164C2B05CA
:106DB00000D5164CEB0400D5104CAB0400D50E4C9E
:106DC0006B049BD50C4C99E7104C82E7089B002B79
:106DD00001D0089B1860030701D5172EF4D10423B6
:106DE000184200D177E7082E00D1BB62064C70E74D
:106DF00073ECFFFF8B13000075ECFFFF6EECFFFFE1
:106E00006DECFFFF72ECFFFF76ECFFFF6FECFFFF16
:106E100010B504002C3005F053FD2000FFF741FDB4
:106E200010BDC36A70B50400002B02D12C30FAF7F4
:106E30001DF82000FFF7BBFEE26901231100194095
:106E40001A4214D12000FFF7EDFE00282FD00325B1
:106E500000220D212000FFF7B3FEFF2827D1013DBE
:106E6000002DF5D10123E2691343E3610EE0002513
:106E70002000A562FFF7FAFC2000FFF731FD290092
:106E80002000FFF7CFFEA84205D100252000FFF724
:106E9000BFFF280070BD0325002220001100FFF76E
:106EA0008FFEFF2803D1013D002DF5D1EDE701252F
:106EB000ECE770B50D0011000400FFF7FFFC802324
:106EC00000229B0029002000FFF7F3FCFF21200097
:106ED000FFF7F4FCFF212000FFF7F0FCFF2120006A
:106EE000FFF7ECFCFA210500C9002000FFF79AFE2D
:106EF0001F20284070BD0000F0B587B00C9F040033
:106F00000D0002920393FFF752FE029803993A0094
:106F1000002312184B41616A994255D302D1216A6C
:106F2000914251D3E3699B074ED1A36A032B02D050
:106F3000029B5B02029300260096012F20D13300B2
:106F400018212000029AFFF799FE061E12D1FE2298
:106F500029002000FFF7ADFF002520000595FFF771
:106F60008FFC05AB00932A002B000D212000FFF7BA
:106F700085FE06002000FFF74BFF300007B0F0BD94
:106F800001233A0017212000FFF778FE2000FFF7C9
:106F900077FC3300009619212000029AFFF76EFE5D
:106FA000061EE7D1FC2229002000FFF782FF0528FA
:106FB00005D18023013F9B00ED18002FF2D1FD2168
:106FC0002000FFF77BFCC7E7004ED3E775ECFFFF1F
:106FD00070B506000025FAF7D3FA0E4C24184D417F
:106FE000002D02DA01240C4D6442FF213000FFF72E
:106FF00065FCFE280CD0FAF7C3FA22002B00121A07
:107000008B41002BF1DC01D1002AEED1002070BDB4
:107010000120FCE780841E00FFFFFF7FF0B5002405
:1070200087B009212300220000940600FFF726FE06
:10703000210005002000A54248D13000FFF7C8FF1D
:107040000100A04242D0FF213000FFF737FC02AF21
:1070500078550135102DF6D1FF213000FFF72EFCB9
:10706000FF213000FFF72AFC7E227F213800FFF746
:1070700083FD051E0BD00020012D06D130224521B5
:107080003800FFF779FD0130800200211EE03E222A
:1070900049213800FFF770FD2F220400312138000C
:1070A000FFF76AFD060050225321380001340236F2
:1070B000FFF762FDB44001222B008240290020002E
:1070C000FBF764FBCB05400A1843490A07B0F0BD43
:1070D000F7B516001F0004000D00FFF768FD002340
:1070E000089A616A92197B4199424AD302D1216A76
:1070F000914246D3E3699B0743D1A36A032B01D096
:1071000073021E000023089A0093012A0CD9320052
:1071100012212000FFF7B2FD089F061E21D020009B
:10712000FFF776FE3000FEBD32001121F1E72000AE
:10713000FFF74EFF002826D080232A0000212000E0
:107140009B00FFF7B6FB00281DD0FF212000FFF7B2
:10715000B5FBFF212000FFF7B1FB80239B00ED185A
:10716000013F002FE3D1089B012BD8D900220C212D
:10717000130020000092FFF781FD002ECFD1060002
:10718000CDE7024ECBE7089B014EEDE775ECFFFF24
:1071900070ECFFFF030070B5007B0121DC69002863
:1071A00004D1022208009443DC6170BDD0221D6925
:1071B0001206A94052680A40511E8A4159698A4202
:1071C00003D102229443DC61EFE70322224300242F
:1071D0000348DA619C62FCF755FC2000E5E7C046F5
:1071E00009D00010F0B50500C36A040089B02C3541
:1071F000002B02D12800F9F739FE280005F0A8FB82
:107200002000FFF7C7FFE369022219001140134273
:1072100005D0280005F054FBE06909B0F0BDDB079C
:10722000F7D5A1622000FFF733FB2000FFF71EFB1C
:107230002000FFF755FB0A27002307AE1A001900AC
:1072400020000096FFF71AFD079B012B06D1079B34
:10725000012B11D02000FFF724FBDAE72000FFF715
:10726000D7FD00214C48FAF793F9013F2000FFF7C2
:107270009EFC002FE0D1EAE7D52700237F003A00EB
:107280000821200000960793FFF7F8FC00280AD198
:10729000A36A022B0AD1079B1B051B0DBB4205D01D
:1072A0000423A362D6E73D4B9842D3D100233A2171
:1072B0001A0020000096FFF7E1FC0028CAD1079BC6
:1072C000DB02EDD5A36A023B5A4253419B0705936B
:1072D000FAF756F90023324A801859410290039177
:1072E000039B002B04DA01222E4B5242029203939D
:1072F00007AB059A0093292101232000FFF7BEFC6C
:107300000122079B070013421FD1079A3A4328D056
:107310000423A362002F9DD12000FFF77FFE20628F
:107320006162084396D080223B0010212000009724
:107330009200FFF7A3FC00288CD12000FFF78EFA03
:107340000123E2699A43E26184E7FAF719F9029AA4
:10735000039B121A8B41002BCADCD6D1002AC7D15D
:10736000D3E7A36A022B15D113003A21200000961F
:10737000FFF784FC002804D1079B5B0001D50323A1
:10738000A36200223B21130020000092FFF776FC4D
:107390000700BFE70123F3E7A086010076ECFFFFBB
:1073A00080841E00FFFFFF7F70B50400FFF7FFFB26
:1073B0002000FFF733FE06000D002000FFF728FD38
:1073C0003000290070BD0000F7B5334E300005F0E5
:1073D000BFFA324B1B78002B0ED101250193F9F730
:1073E000B1FA019B98420CD80025F9F7B5FAA842EA
:1073F00043D80123294A1370300005F061FA0124B3
:1074000045E00198F9F7A0FAA922254B9200C56141
:107410008350AA23234A9B00C250234A0433C250FC
:10742000224A0433C250037B0400002B0DD00069B4
:10743000F9F7DCFA002229002069F9F7AFFA2A00EF
:1074400023699A40D0231B069A62237E002B03D027
:10745000617EA068F9F7BAFA2B00A068D0278340B4
:107460003F067B61F9F7C2FA2A00A3689A40019BA4
:107470007A6201337A610193B1E72800F9F76EFA75
:10748000FFF7A4FA041E04D1300005F019FA200019
:10749000FEBD0135A9E7C046D012002026DB012041
:1074A000E5710010F96E0010D1700010236E00100D
:1074B0000C4B00B598420DDA0B4B98420CDB0B4B92
:1074C000C018042804D805F02BFA0903030B0B009D
:1074D000032000BD0028FCD00120FAE70220F8E7D5
:1074E0000420F6E777ECFFFF70ECFFFF8E1300003F
:1074F00010B5F9F729FA04000420002C04D020006C
:10750000FFF748FEE069C0B210BD10B50400FFF7F8
:107510005BFF032300280AD02000F9F715FA0423A3
:10752000002804D0A9239B00C3589847C3B2180071
:1075300010BDF7B51D000C001600F9F705FA04237D
:1075400000280BD0089B32000093AB239B00210046
:10755000C7582B00B847FFF7ABFFC3B21800FEBDFA
:10756000F7B51D000C001600F9F7EEF9042300280A
:107570000BD0089B32000093AA239B002100C75820
:107580002B00B847FFF794FFC3B21800FEBD70B5DB
:107590000C001500F9F7D8F9002813D0012C05D0FC
:1075A000032C0BD0002C0DD1200070BDFFF7FCFE8A
:1075B00003C5084343425841C4B2F5E70123002400
:1075C0002B60F1E70424EFE707B5FCF711FB082275
:1075D00000216846FBF768F96846FCF76DFB6B46CF
:1075E00000229B5E002B10D108480422835E002BF2
:1075F0000BD0074A0368934207D142685340C268E0
:107600009A4202D10430FCF70FFB07BDC0000020F6
:10761000BEBABEBA07B5082200216846FBF744F996
:107620006846FCF749FB002824D06B46F0221888F6
:107630009B78520444305B051340400618430722F0
:107640006B469A56D30F9B189B06DB0E18436B466E
:10765000F822DB7852031B04134018436B465B7916
:10766000FC22DB061B0C18436B469B79D2005B01A6
:10767000134018430EBD000070B50B0C0024150C10
:10768000002B28D1002D37D18BB291B2594300F095
:107690008FF9051E19D00300083B5A6803239A434B
:1076A000043A242A13D80300132A0AD90460446038
:1076B00008331B2A05D98460C460242A25D003001E
:1076C000103300221A605A609A60280070BD0021B1
:1076D000FBF7EAF8F9E7002D11D1151C89B292B237
:1076E0004A43ADB29BB26B43110C5B18190C06D127
:1076F000190492B21143CAE72B1C0D1CEEE700F0EF
:1077000009F80C2300250360DFE703000461183348
:107710004461D6E7014B18687047C0461409002041
:10772000F8B50C00050000F005FC204FBB685E6852
:1077300003239E431E4B341B9C466444240B013C94
:10774000113324039C4207DB0021280000F0B8FD20
:10775000BB689B19984204D0280000F0F3FB00207E
:10776000F8BD2800614200F0ABFD431C0DD00122A2
:10777000BB68361B16435E600E4B28001A68141B4C
:107780001C6000F0DFFB0120EAE70021280000F088
:1077900097FDBA68831A0F2BDEDD07490968401A86
:1077A0000449086001210B435360D5E7400D0020D8
:1077B000EF0F00008015002048110020F0B5C646EC
:1077C00005000C0000B500294FD000F0B3FB2100EC
:1077D00008394C68012622000320B2438F187B68C9
:1077E0008343624898468368BB426AD043467B60C5
:1077F00026421ED108239C460C688444091B12199A
:107800008C6864454FD0CB68E3609C604346FC18AD
:107810006468344211D1BB68554C4244A34200D144
:107820007EE0FC68DC60A360012313434B608A5058
:1078300006E0FC1864683442EDD016434E603A60AE
:1078400080239B009A4213D25409D3080122A240FC
:107850004468DB002243426018188368C8608B606C
:107860008160D960280000F06DFB80BCB846F0BD97
:10787000530A042B3ED89409260039343836E400E4
:1078800004192368083C03279C4242D05868B84337
:10789000904202D99B689C42F8D1DC68CC608B6036
:1078A000A160D960DEE74346F8184068304257D1FE
:1078B000FB68B86842441643C36098604E608A50C3
:1078C000D0E713004344264206D10A68891A8C681F
:1078D0009B18CA68E260946001221A434A60254AF4
:1078E000816012689A42BDD8234B28001968FFF7BF
:1078F00017FFB7E7142B07D9542B1AD8140B2600FF
:107900006F346E36E400BBE71E005C335B36DC0090
:10791000B6E70122B610B240466832434260BDE786
:10792000D9609960CB608B60012313434B608A5010
:1079300098E7AA246400A34205D8D40B2600783423
:107940007736E4009CE70D4CA34205D8940C260042
:107950007D347C36E40093E7FE247E26A4008FE786
:10796000330013434B603A607CE7C046400D002073
:10797000480D00204C110020B015002054050000D7
:107980007047C0467047C04610B5034B01001868E9
:1079900000F00EF810BDC0461409002010B5034BCE
:1079A00001001868FFF70AFF10BDC0461409002047
:1079B000F0B54E464546DE465746E0B50D000B3560
:1079C000060083B0162D22D8102900D9B2E000F0AD
:1079D000B1FA102518230220CC4FFB181A005C685E
:1079E000083A944200D1B5E0032362689A43130039
:1079F000E268A168CA6091600122E318596830000A
:107A00000A435A6000F09EFA2000083095E00723F0
:107A10009D4300D58EE0A94200D98BE000F08AFAA0
:107A2000FC235B009D4200D2A7E1680A00D18BE0F5
:107A3000042800D97AE138239846A80980443930CF
:107A4000C100B24F79184C680839A1420ED0032307
:107A50009C4604E0002ACBDAE468A14206D06246E4
:107A6000636893435A1B0F2AF4DD40463A003C6991
:107A70000832944200D178E0032361689943894633
:107A80000B00491B0F2900DD7BE17A613A61002977
:107A9000B2DA80229200914500D30FE15909DA0849
:107AA00001238B40D2007968D2190B4391687B6027
:107AB000E260A1609460CC60012182109140994203
:107AC00059D80B4205D103229043490004300B42A0
:107AD000FBD003239846C3009946B944CC4682465E
:107AE0006346DC68A44507D12CE1002A00DB35E1C0
:107AF000E468A44500D125E14246636893435A1BDC
:107B00000F2AF2DD01208046611905436560A068F7
:107B1000E5680837C560A86040461043F960B96061
:107B20004860CF6030008F60E25000F00BFA200018
:107B3000083002E00C230020336003B0F0BCBB46E9
:107B4000B246A946A046F0BD80213F23402098467A
:107B5000890076E7DC680230A34200D044E73A00AF
:107B60003C690832944200D086E701217B6882108C
:107B700091409942A5D90323BC6862689A43914613
:107B8000954203D8531B0F2B00DD89E023004B44A3
:107B90005F4A01935F4B93461B681268EB180132F2
:107BA00000D13DE15C4A944663441B0B1B030093E8
:107BB0003000009900F084FB03008046013300D1BF
:107BC000FAE0019B834200D9F4E0544B00981A007C
:107BD0009A46126803009446514663440B6001992B
:107BE0001A00414500D151E15B461B68013300D1C9
:107BF00056E1434601995B1A9A1853461A600723C7
:107C0000424641461A400192194200D112E108232E
:107C10009846881A424B0099804441449B1A5B1A4B
:107C20001B051B0D0091300019009B4600F048FB1E
:107C3000431C00D150E14346C01A03005B4400934B
:107C4000534652461B6801215B441360424640463E
:107C5000BA60009A0A434260BC4200D124E14A461D
:107C60000F2A00D822E107200C3A824360680140C5
:107C7000052011436160A118486088600F2A00D96F
:107C800035E142464446526826490868984200D287
:107C90000B6025490868984200D38FE00B608DE0A7
:107CA0000122290013431143651961603000BD6052
:107CB0006B6000F047F9200008303EE75A0A042ABA
:107CC00072D9142A00D9C5E011005C325B31D200B0
:107CD00008235B429C46BA18944463469A6803237F
:107CE0009846944500D19EE04346516899434945E2
:107CF00002D992689445F7D1D3689C467B68614667
:107D0000A260E1608C60D460D6E6C046400D0020E1
:107D100048110020B01500200F1000008015002031
:107D200008100000A8150020AC150020142852D916
:107D3000542800D996E06E239846280B80446F3073
:107D4000C1007EE608239B46073BDC449B46DA44A1
:107D500043465246134200D0C2E64CE00122E318EB
:107D6000596830000A435A60E368A268D3609A6099
:107D700000F0E8F820000830DFE62B00E8080833C0
:107D80002AE6012360191D43656078613861C2608D
:107D900082601A004B460A4342603000E15000F016
:107DA000D1F820000830C8E69A091100393238317C
:107DB000D2008DE7BC4260D0BC68626803239A435E
:107DC000531B954202D80F2B00DD69E7300000F00D
:107DD000B9F80020B1E65B23984680445C30C100CE
:107DE0002FE608235B429C46E1444B469B680138E2
:107DF0004B4500D098E043460342F2D17B688B4369
:107E00007B604900994200D9B5E6002904D1B2E669
:107E1000042294464900E2440B42F9D050465AE607
:107E200010330093C4E68910023B8B4079680B4302
:107E30007B6064E7009B300043445B421B051B0DE5
:107E400019009B4600F03CFA431C00D0F3E60023E7
:107E50009B46F5E6542A2BD81A0B11006F326E316F
:107E6000D20035E7AA235B0098422BD8DD3B984629
:107E7000E80B80447830C100E3E52C4B009A9A4629
:107E80001B689C46534662441A60ADE6090500D063
:107E9000AAE60200BC684A4401310A436260F3E684
:107EA0005B4642461A60AAE64446EDE641608DE72D
:107EB000AA2149008A4224D8DA0B1100783277319E
:107EC000D20005E71A4B984224D87C239846A80C88
:107ED00080447D30C100B4E5009A019B944642463F
:107EE000083B63449B1A009300239B46A8E62100AD
:107EF00030000831FFF762FC5346BC681B686268BB
:107F0000C2E60B498A420BD89A0C11007D327C31B3
:107F1000D200DDE6FE217E237F209846890090E591
:107F2000FE227E219200D3E67B686AE7801500205E
:107F30005405000010B50248FFF722FD10BDC046F1
:107F40007C15002010B50248FFF71CFD10BDC0468F
:107F50007C150020030010B50A00034908681900C9
:107F600000F004F810BDC04614090020F0B55746D3
:107F70004546DE464E46E0B50C000700904683B00D
:107F8000002900D1A8E045460B35FFF7D3FF162D99
:107F900070D810251023A84570D82600083E7168B7
:107FA00003220800904381460096984200DB77E068
:107FB000C24A301893469268824200D1CAE04268B1
:107FC00001900092012292465046009A8243019805
:107FD00094468346DC44624650465268024200D0D2
:107FE00071E00320009ACB4682439446E3449B45CC
:107FF00050DA52460A4211D103213268B21A92462F
:1080000052688A436146511849448B46994200DBC5
:1080100078E04A4493469A4200DB78E041463800D3
:10802000FFF7C6FC8046002820D07368B446009352
:1080300001230099020099430B00083A63449342DC
:1080400000D1F7E04A46043A242A00D9F7E00300B9
:108050002100132A00D9C8E00A681A604A685A60E9
:108060008A689A6021003800FFF7A8FB3800FFF704
:1080700069FF07E007239D432B1E8CDA0C233B602E
:1080800000239846404603B0F0BCBB46B246A94622
:10809000A046F0BDD946019AD3689268D3609A6031
:1080A0004B465B1B0F2B1CD801214A4673680B40C3
:1080B000134373604E447368194371603800FFF7CF
:1080C00041FFA046DEE70842A8D103213268B21A78
:1080D000924652688A439CE71100FFF769FC80468C
:1080E000D0E701207268711902400343154375609F
:1080F0004B604E4473680831184370603800FFF7D6
:108100005DFBDBE7019AD3689268D3609A605346BF
:108110005246DB6892685646D3609A604A46043AF3
:108120000836242A6BD83300132A09D9534621680C
:1081300099606168D9601B2A00D98EE00834103339
:108140002268D9461A6062685A60A26834009A6050
:108150005646A5E75068032290430D328246944666
:10816000CA44AC44E24552DACA0700D556E7316842
:10817000721A0321924652688A431018010049443A
:1081800000918C4500DD44E753465246DB68926817
:10819000D3609A6008234A465344043A9846242AF6
:1081A00075D8132A08D95346216899606168D96047
:1081B0001B2A71D80834103322681A6062685A602A
:1081C000A2689A60534659195B469960009B380033
:1081D0005A1B01231A434A605246526813401D43FA
:1081E00053465D60FFF7AEFE4CE7216801606168B1
:1081F00041601B2A27D82100083308312CE72100D1
:108200003000340004F0ACFBD946564648E75B46E4
:108210000098A0464119996053465A1B01231A43FE
:108220004A6041680B401D43456038000091FFF7EC
:1082300089FE27E703225B689343994430E72100D6
:1082400004F08EFB0EE7A1688160E168C160242A1A
:108250000CD0210010331031FEE6A1681961E168ED
:108260005961242A0BD01034183369E722692100A0
:10827000026102006069183118335061ECE622692E
:108280009A61524661692033D161183458E7210060
:10829000180004F065FB95E7A1681961E168596170
:1082A000242A02D01034183386E722699A61524694
:1082B00061692033D16118347EE7C046400D00204B
:1082C000002370B5064D040008002B60FBF7D4FABC
:1082D000431C00D070BD2B68002BFBD02360F9E756
:1082E000C41600200EB430B581239CB06A461FAC82
:1082F0009B0020CC93820290069000F07DF80B4BFF
:108300006A460A9300230E931393013BD382084BD2
:10831000039007902A00186802A92300019400F036
:1083200099F81CB030BC08BC03B018473583001066
:108330001409002000207047CAB2F0B5002A35D0D9
:10834000032483072DD1FF2529400D0229430D0465
:108350000D4329000468264E61408B198B43A119F7
:10836000A143244E0B43334211D14168204F0C00EE
:10837000CB196C408B43E119A1430B4304303342CA
:10838000F3D00378002B05D09A4204D00130037853
:10839000002BF9D10020F0BD9342FCD001302042E7
:1083A000D1D00378002BF7D10020F4E7830708D061
:1083B000032202E00130104203D00378002BF9D1F0
:1083C000E9E702680A4B0B49D31893430B4206D1E5
:1083D0004268074B0430D31893430B42F8D003781C
:1083E000002BD8D043780130002BFBD1D3E7C04617
:1083F000FFFEFEFE8080808010B583070AD0030058
:10840000032102E001330B4205D01A78002AF9D18A
:10841000181A10BD030019680C4A0D4C8A188A43BB
:1084200022420FD15968094A04338A188A432242EA
:1084300008D15968054A04338A188A432242F1D088
:1084400000E001331A78002AFBD1E1E7FFFEFEFECF
:1084500080808080F0B557464546DE464E46E0B502
:10846000D34C0D00A54402AF7B6238620C23C95E79
:1084700080239B01194205D10B43AB81696ECD4B23
:108480000B406B6613780132FB647A64002B01D1D8
:1084900001F07EFA00229346FA61FA633A64FA62C6
:1084A000BA633A6A924608210C00C34AD25C14406F
:1084B000114235D1252B14D17B6C00261A7800236C
:1084C00099468F339C468D3B98467B6C591C130014
:1084D000253BDBB2552B0ED8B8489B00C3589F46AE
:1084E00079646B68002B45DD7B6C2A68013B117851
:1084F0001B78994235D0FB6B002B06D0FB6B1E68B6
:10850000002E02D03000FAF7C3F9BD46B86BB12394
:108510009B009D44F0BCBB46B246A946A046F0BDB8
:1085200008245E466B680BE02A68A3491378CB5C8D
:108530001C420DD06B680132013B01366B602A6032
:10854000002BF1DC2900504602F03CFF0028EBD064
:10855000B3467A6C13780132FB647A64002BA2D1A3
:10856000C9E76B680132013B6B6001239C462A60BE
:10857000E344EEE72900504602F024FF0028B3D080
:10858000BB6B002B02D0AB895B06B4D5FB6B002B19
:1085900001D101F0C9FADB889B465B46002B01D173
:1085A00001F05EF9FB6B00241E6800233500B14624
:1085B00098465E462B6801341868FAF769F9424616
:1085C00008CD1A60B442F5DB01234E465B42BB6323
:1085D000002E97D199E76346334200D08BE74B4694
:1085E0009B004B445B009A1830235B4299467B6C9E
:1085F000914479645A7868E7042379643B606B6836
:10860000002B00DCEAE0730600D4F1E03B68032BAA
:1086100000D125E1042B00D139E3012B00D1F5E293
:10862000022B00D0CAE14B46002B01D1013B9946F9
:1086300001231C003440334201D100F0CEFC0F3343
:108640001A003240BA62334201D001F0D7F8330643
:1086500001D401F058F97C6A08CC3B63002B00D1AF
:1086600049E78020FAF700F9804600288ED03B6B5E
:10867000FA6B1860D68893889E4201D300F040FEC2
:108680001068FA6B731CD3803B6BB60033504346C3
:108690007B6120237C62BB612B68474A1B78D35CDB
:1086A0001B0701D500F0FCFF002401F0B5FAA04241
:1086B00000D165E78C2148202B6849001A780918F9
:1086C000C91901330A556A682B603B6C013A661C74
:1086D0006A60032B01D101F0CAF8102348229B18CD
:1086E000DC19082200212000FAF7DEF88C2248214C
:1086F000520052183300414650460094D21901F0FE
:1087000097FA3864421C00D13AE7002801D001F002
:10871000B9F842461060002001F06CFA002801D040
:1087200000F0ADFFB34401235B429C46E144BB6AC9
:10873000002B01D001F0B1F904339C463B6BE044BF
:10874000002B01D101F0A9F943467A6900269C1A51
:10875000BA69A310934201D301F0FCF96B68002BB6
:1087600001DC01F09DF92B68134A1B78D35C1B07D1
:1087700001D500F095FF4B46002B01D100F090FF92
:10878000340001F049FAA04294D1F9E60F233342B4
:1087900000D0B0E67B6C79645A7896E60F233342BA
:1087A00000D0A8E643461E437B6C79645A788CE679
:1087B00034FDFFFFFFDFFFFF19D4001028D00010A9
:1087C00080239B001E43CE4B7964FB611023FB6228
:1087D0000D3B3B606B68002B00DD14E72900504621
:1087E00002F0F0FD002800D0CAE6730600D50DE7C0
:1087F0002A68C4491378CB5C1B0700D406E73B68A2
:108800002100984653465C46B2468B461E0007E060
:1088100001322A60BB491378CB5C0821194213D07E
:108820006B680134013B6B60002BF1DC29003000E8
:1088300002F0C8FD002800D0A2E62A68B1491378EA
:10884000CB5C08211942EBD143463B605B463200CA
:10885000A3461C003B6856469246032B00D0D9E63F
:108860004B46AE220021013B52003963934205D9A9
:108870005D3BFF3B3B635E23FF339946D8231B01DF
:108880001E4300233B601933FF339C46D03B984680
:108890000022B844C44463464C469046E146BB615E
:1088A0002A6811780B002B3BDBB24D2B00D944E139
:1088B00095489B00C3589F4601231E4340231E43F7
:1088C000002379643B609AE601231E438C4B796454
:1088D000FB610823FB62053B3B6090E601231E43DE
:1088E0008A4B7964FB610A23FB62073B3B6086E6A7
:1088F000882366E701231E43013379643B607EE6EB
:10890000482218239B18D81901F0CEF940231E43A2
:108910003F3B78643B6072E60F23334200D0EAE5C8
:108920007B6C5A7843466C2A01D100F08CFC012301
:1089300079641E43C9E5634662463340324200D043
:10894000D9E5FA6B002A01D100F0BEFF80231E4357
:1089500020E7022379643B6051E6694B7964C1E703
:108960000F23334200D0C6E57B6C5A78682A01D1C8
:1089700000F068FC042379641E43A6E5634B796428
:10898000FB610023FB6203333B6038E67964F30646
:1089900000D5DEE5330701D400F0D8FF59467B6AE5
:1089A00004CB11707B62D4E54B463343994600D02B
:1089B000A1E57B6C10265A78796486E54B463B63CB
:1089C000002B01D101333B63F30700D45FE3102395
:1089D0001A003240BA62334201D000F0C8FE3306BA
:1089E00001D400F09AFF7C6A08CCBB61002B00D157
:1089F00081E58020F9F738FF8146002800D1C5E5E0
:108A0000BB69FA6B1860D68893889E4201D300F048
:108A100045FD1068FA6B731CD380BB69B6003350F8
:108A20004B463B6120237C627B618C2348220026DD
:108A30005B009B18DC1901F0EFF8B04200D19FE514
:108A40002B68721C90461A780133A2556A682B6015
:108A50003B6C013A6A60032B01D100F072FD1023D8
:108A600048229B18DE19082200213000F9F71CFF6C
:108A70004346220049465046009601F0D9F8386432
:108A8000421C00D17CE5002801D000F06EFDBB6ADD
:108A9000002B01D14A461360C3443B6B013B3B634F
:108AA000BB6A002B0ED1BB69002B08D04B463A693C
:108AB0009E1A7A69B310934201D300F0CEFD0423CD
:108AC0009C46E1446B680026002B01DC00F056FD5B
:108AD0003B6B002BAFD1BB69002B08D04B463A69EA
:108AE000991A7A698B109A4201D900F0F3FFBB6A98
:108AF0005A425341BA6B94469C446346BB6328E593
:108B000075B1001019D4001080D1001071AE0010A2
:108B1000FB6A0A2B11DDCE4B1E404B461970012318
:108B20009C46E1446B68013B6B60002B67DD0132C2
:108B30002A60013C002C00D0B2E643464A463B6026
:108B4000F30509D5BB699A4201D900F006FE4A46F1
:108B5000BB699A4200D1CEE410231A00324033425E
:108B600000D021E24B4650461A70B969FB6A0022D8
:108B7000FC69A047B30600D50FE2330701D500F02A
:108B8000BCFC730701D400F05BFF7B6A04CB108050
:108B90007B6206E2FB6AAF485B00C35EFB62AC4BE4
:108BA0001E40BAE7C0238020DB00334080008342B0
:108BB000C3D1A94B1E40A023DB001E431023FB6240
:108BC000ABE780233342B8D09E43A6E7FB6AA148B7
:108BD0005B001B5EFB62082B9DDCAEE733059CD57A
:108BE000FB6A002B05D180239B001E43F93BFF3B12
:108BF000FB62730500D4F4E2984B1E408DE7290018
:108C0000504602F0DFFB002893D096E74B46002B3E
:108C100001D1013B9946F30700D477E210231A00F3
:108C200032403A61334201D000F010FE330601D4E5
:108C300000F07DFE7C6A08CCFB60002B00D15AE47A
:108C40008020F9F711FEB862002800D19EE4FB688D
:108C5000BA6A1A60FA6BD68893889E4200D26FE394
:108C60007F4A934201D900F05CFF08339BB2990020
:108C70009846FB6B1B6818003B63F9F7FFFDFB6B25
:108C8000002800D187E4424618609A8059E3504694
:108C900000F0CAFF0368AE22FB604B46013B520066
:108CA000934200D89AE25D3BFF3B7B605E23FF333B
:108CB0009946F023DB0033433B6000233B63BB60FA
:108CC0003B61BB627B611933FF339C46D03B9846C6
:108CD000B844C4446346BB613B686646984623007B
:108CE0004C4699462A6811780B002B3BDBB24E2B81
:108CF00003D85C489B00C3589F46FB681B788B4297
:108D000019D1802043468000034214D056480340C6
:108D10009846BB6A7B613170013C013601239C4659
:108D20006B68E344013B6B60002B00DC2DE10132FA
:108D30002A60002CD6D143463B60BB6A4C46002BD0
:108D400000D1ACE03A68494B1A403A60A7E043468C
:108D50001B05F0D53B6B4B44002BECD14046444BFC
:108D600018408046D7E74B46072BE4D108239946A5
:108D7000D1E7982340461B010340802040008342F6
:108D8000D9D1BB6A012BD6D1802340461B011843A1
:108D90003023337000238046013C0136BB62BAE7C2
:108DA0004B46062BC7D107239946B4E743461B051C
:108DB000C1D5A0234046DB0003408020C000834291
:108DC00005D043460342B6D0BB6A002B64D0802056
:108DD00043468000034204D1BB6A7869BE601B1A17
:108DE0003B614046234B18400300C020400018431D
:108DF00000238046BB628EE73B6B002B00D0DCE09B
:108E0000BB6A002B07D1E0234046DB0018409842A4
:108E100001D100F006FE4B46012B01D0042B8AD174
:108E20004B460133DBB2994675E743461B0503D534
:108E30003B6B4B44002B91D03B6B012B00D07AE76E
:108E400002233B6367E743461B05B2D582E7C04672
:108E50007FF4FFFFF4D30010FFFDFFFF7FFAFFFF59
:108E6000F6FF0000B8D200107FFDFFFFFFFEFFFFFE
:108E70007FFEFFFF7FF0FFFF4B46002B00D0A3E0FB
:108E8000BB6A002B00D0A5E1E0234046DB00184080
:108E9000984201D100F0BDFD43464C463B603B6B20
:108EA000013B012B01D800F029FE631E062B00D8E0
:108EB000A3E13B68DB0515D53B685B0501D500F0F8
:108EC00038FE0123741E5B4221785B449946652974
:108ED00002D0452900D0F0E12A00504602F030FAD5
:108EE000CB46260010233A6839681A400B4201D05D
:108EF000FFF72FFBC02332708022DB000B40D20033
:108F0000934201D100F021FC3B69002B00D001E32A
:108F100000225046B96901F001FF3B68386379636C
:108F2000DB0700D49AE17B6A04CB106051607B625E
:108F3000BB6B0133BB63FFF70CFB43461B0504D53A
:108F40003B6B4B44002B00D108E74B46022B00D073
:108F5000F1E603239946DEE680234046034200D132
:108F6000E9E698438046D6E64346DB0500D4F1E6C1
:108F7000802341469943BB6A88460133BB627B68C4
:108F8000002B00D066E1013CC8E62900504602F003
:108F900019FA002800D1CCE6CDE67B6A04CB10603C
:108FA0007B62BB6B0133BB634A46BB69D41A3B6827
:108FB0009C466444A344FFF7CCFA3B6B022B00D0E1
:108FC00029E703233B63A6E6FD20033B034200D0D1
:108FD000B1E60433DBB299469DE6F30601D500F015
:108FE000DBFC330601D400F066FC7C6A08CC9846B2
:108FF000002B01D1FFF77FFA2020F9F735FC386309
:10900000002801D1FFF7C2FA42461060FA6BD688F9
:1090100093889E4200D35BE11068FA6B731CD38087
:109020004346B600335020237C62BB622B68C149A3
:109030001A788A5C120701D500F010FC396B4C4697
:109040000E006A68013A6A605A1C2A601B784A1C42
:109050000B7043469146002B06D0931BBA6A3B63C4
:10906000934201D300F037FC013C002C00D14EE3C9
:109070006B68002B00DC43E32B68AE491A788A5CEE
:109080000821114201D000F05BFC4946D9E7F30604
:1090900000D5BCE3330600D4F7E07B6A40CB9846AA
:1090A000BE62002E01D1FFF726FA386BF9F7DCFB20
:1090B000041E01D1FFF76AFAFA6B3060D6889388F4
:1090C0009E4201D300F04CFC1068FA6B731CD380F5
:1090D000BB6AB60033502100012250463B6B00951D
:1090E00002F090F9041E01D100F065FD3B6B834254
:1090F00000D8DAE0BE6A0100336818003B63F9F774
:10910000BDFB002800D1D0E03060CEE0F30600D5F2
:109110003EE3330600D4EFE37B6A40CB9846BE6162
:10912000002E01D1FFF7E7F92020F9F79DFB041E7F
:1091300001D1FFF72BFAFA6B3060D68893889E42F4
:1091400000D3C3E11068FA6B731CD380BB69B6000F
:10915000335043467B622023180018229446303255
:109160009046B844C444624661462B683A631A7814
:109170008A5C002A01D1FFF7BEF95A467A61BA69C2
:10918000A046934652464E468246BA6215E0434692
:10919000D31A99461400534500D348E2013E002EED
:1091A00000D1A6E26B68002B00DC19E22B68396B5A
:1091B0001A788A5C002A00D19BE26A68013A6A60E8
:1091C0005A1C2A601B78621C23705B46002BDED180
:1091D0001400E3E743464C463B60B3E500237B6065
:1091E00067E5554B1E403B6B002B02D0013B3B63B8
:1091F000013401239C46E04494E4022C01D800F0A1
:10920000BBFC032C00D154E63B6898462B0025009C
:1092100099463400013C4A465046217802F090F8C5
:1092200063199B1BDBB2032BF4D82C004346043C90
:10923000E4B23B60E343F6185B46013B1B1B4D4623
:109240009B4636E608231E437B6C9A7802337B6488
:10925000FFF73BF97B68013B7B605FE53B689B0761
:1092600000D54FE1386B796B7C6A02000B0040CC73
:10927000F8F78BFE002801D000F08FFC386B796B7B
:10928000F8F714FF7C62306052E67E6A0122316892
:1092900050463B6B009502F0B5F8041E01D1FFF774
:1092A0006FF904239C466644B046BB6BA34401336C
:1092B000BB6343467B62FFF74CF92A00504602F03D
:1092C0003FF802235B42B41E5B449946217803E6D3
:1092D0001A4A934201D900F024FC08339BB2BB62C6
:1092E0009900FB6B1B6818007B62F9F7C7FAFB6BF0
:1092F000002801D1FFF74FF9BA6A18609A808CE60E
:109300000E4A934201D900F00CFC08339BB27B62F9
:109310009900FB6B1B681800BB61F9F7AFFAFB6B98
:10932000002801D1FFF737F97A6A18609A80FFF7B1
:10933000A8F9C04619D400107FFCFFFFF6FF00001B
:109340001068FA6B731CD380FB68B6003350BB6A9D
:109350007C62BB6020237B6000234822984619333F
:10936000FF339B18DB193B635B463B60444600F0D0
:1093700053FCA04201D1FFF703F92B68621C904611
:10938000396B1A7801330A556A682B603B6C013AD5
:109390006A60032B00D1DFE0082348229B18DC1908
:1093A000082200212000F9F77FFABE6A4346310007
:1093B00050463A6B009400F03BFC3864421C01D1EB
:1093C000FFF7DEF8002800D0E6E03060B861102337
:1093D0009C4638339B46BB44DC446346082200214C
:1093E00060467B61F9F760FAE023E44A5946D258B7
:1093F000504616007B69BA69B0470023012801D1A5
:109400005B461B78182248215218D219D35C002BD6
:1094100000D12EE33B6843443B603B6C032B00D1FF
:1094200016E101235B429C46E1443B69002B0CD1D1
:10943000BB6AFA680433BB62002A06D0BA689C1A79
:109440007A68A310934200D341E16B680024002B9B
:1094500000DCAAE04B46002B89D13B689B463B6968
:10946000002B01D0FFF775F8BA6A1360FB68002B78
:1094700000D15DE5BB68D11A8B107A6801339A423E
:1094800000D855E5FC680431236818003B63F9F700
:10949000F5F9002800D14BE5206049E5B84A934230
:1094A00000D93EE308339BB299009846FB6B1B68DA
:1094B00018007B62F9F7E2F9FB6B002801D1FFF796
:1094C0006AF8424618609A80FFF7A4FAAC4A9342C1
:1094D00000D926E308339BB23B639900FB6B1B6802
:1094E0001800BB62F9F7CAF9FB6B002801D1FFF73E
:1094F00052F83A6B18609A8025E67B6A04CB1070AC
:109500007B624EE57B6A386B796B04CB10605160EF
:109510007B620DE5BE680A2300225046711C01F0F3
:10952000A7FC3B69C21A4821964B5B18DB199E4287
:1095300002D3954B5B18DE1930009449FAF750F9C5
:10954000E6E4102348229B18DE19BB6D042B01D0E2
:10955000FFF789FAFFF78CFA082348229B18DC19D9
:109560003B6D042B00D01BE71FE73B6C02332AD175
:109570006B684646002B01DDFFF75DFA2900504677
:1095800001F020FF002801D1FFF7A2FA002E01D13F
:10959000FFF7A1FAFEF7F4FF3B6C023300D015E3AE
:1095A0006B68002B00DDE1E644462900504601F0DF
:1095B00009FF002800D14DE73B689B46002C00D1F5
:1095C0004DE7FEF7DDFF3B6CC344032B01D0FFF7F3
:1095D00064FA3368042B01D0FFF75FFAFFF760FAF3
:1095E0002900B86A01F0EEFE002800D1DEE57B69B3
:1095F00050469B46BB6A46469A46444501D1FEF713
:10960000BFFFA31B9846B44201D1FEF774FF0023AD
:109610002370BB69002B04D04346591C884200D9F3
:10962000ECE1BB6BC3440133BB63FEF792FF5346CF
:109630005B00404619009A46F9F720F98046002859
:1096400001D1FEF7A3FF4C465B4644441860A5E5F4
:109650002368042B00D0E4E6E7E63869D100F9F787
:109660000DF93861002801D1FEF790FF81467B6932
:10967000BA695B00B14410607B61FFF720FA002EED
:109680000ED054468C2348225B009B18013EDB1908
:109690002A002000995D01F053FE002EF2D1A2466F
:1096A000BB6A002B01D0FEF754FF424613603B6BB0
:1096B000002B00D13CE443467A69991A8B10BA69B1
:1096C00001339A4200D833E43C6B0431DCE6B868DD
:1096D000D1001600F9F7D2F8B860002801D1FEF7E2
:1096E00055FF8446FA6864447300BC6210607B6076
:1096F000ABE67B6950469B46BB6A46469A4680E786
:109700002900504601F05EFE002800D1B4E44C462A
:10971000A61B711CB3443C6300233A6B1370434691
:10972000002B01D1FFF704FCBB6A8B4201D8FFF785
:10973000FFFB43461868F9F7A1F8002801D1FFF7AD
:10974000F7FB43461860FFF7F3FB7B69B96A5A1AC7
:109750008B4200D0E7E6FFF7DBFB4C46013C2A00DA
:109760005046217801F0ECFDA146FFF7F0F9002307
:1097700099467B613B61BB61FFF757F950110020AF
:10978000F6FF00006B0200006A02000020D000100B
:1097900018239C4630339846B844C4446346614617
:1097A0002A683B631378CB5C002B01D1FEF7A3FE44
:1097B00001322A604A466B68013B6B60012A18D06F
:1097C0003C683E6B0CE02A681378F35C002B0FD0EA
:1097D0006B680132013B01346B602A60A14507D000
:1097E000002BF0DC2900504601F0ECFD0028EAD007
:1097F0003C603B689C46E344FEF7ABFE0023BB6144
:109800007B613B634C33FB189846FEF745FF002411
:109810003E6B0CE02A68E4189446F61A634429006B
:1098200050462B6001F0CEFD002800D001E16B68AE
:109830009E42EFDCB4462A689B1B64446B609446EE
:10984000330063442B60A344FEF783FE00237B6058
:10985000BB60FB604C33FB18BB627DE501215BE71D
:10986000FB6B1E6801235B42BB63FEF749FE1023BE
:1098700048229B18DC19BB6D042B01D0FEF731FF89
:10988000FEF734FF3B6C023301D1FEF767FF43461E
:10989000186800F0AFF9002800D0F0E63B6CB34444
:1098A000032B01D0FEF73FFF2368042B01D0FEF706
:1098B0003AFFFEF73CFF7B6A04CB7B6200233A63EE
:1098C0009846BB62FFF7B2FB82B002AAFA6302932A
:1098D0000393FFF73BF8530030001900BB62F8F721
:1098E000CDFF061E01D1FEF751FE3B6B9946434664
:1098F00081441860FFF7B8FB7B6A10CB7B620023C2
:109900001800BB6129E47B6A04CB7B62002390468C
:10991000BB617B613B63FEF7BFFE7B6A04CB7B626E
:10992000002391467B613B61BB61FFF77EF87B6A58
:1099300004CB7B620023BA627B60BB60FB600BE5FB
:109940004C46A01B411C83443C63E5E6730700D4EE
:10995000B3E059467B6A04CB11807B62FEF7F9FDC8
:109960009F4A934200D9DCE008339BB299009946A4
:10997000FB6B1B6818007B62F8F780FFFB6B00280D
:1099800001D1FEF708FE4A4618609A80FFF79DFB5A
:109990000023BB63FEF7B9FD2A6892491378CB5CBC
:1099A0001B0701D5FFF706FB01322A604A466B68A8
:1099B0000124013B6B60012A01D1FFF7FBFA082665
:1099C00011E02A6887491378CB5C1E4201D0FFF76B
:1099D000F1FA6B680132013B01346B602A60A145EA
:1099E00001D1FFF7E7FA002BEBDC2900504601F02C
:1099F000E9FC0028E5D0A344FEF7ABFDBC69236871
:109A000018003B63F8F73AFF002800D109E6206010
:109A100007E64046744B1840012380469946FFF7FD
:109A20007AF94046704B1840012380463B63FFF7AC
:109A300072F9002C01D1FEF7A3FDA344FEF789FDC6
:109A4000F30701D5FFF7A9FAB30701D4FFF7A5FA89
:109A5000664BFA699A4200D1A6E000225046FB6AA2
:109A6000B96901F0DFFA7B6A04CB03C27B62FFF7BE
:109A700098FA44463B689B46002C00D1EFE4A84688
:109A800055463B6B013C42462800195D01F058FCED
:109A9000002CF6D1AA464546E1E40026FEF75EFE1C
:109AA0002900504601F08EFC002801D1FEF75BFE34
:109AB000002E01D0FEF764FDF2E5F30717D4B307DB
:109AC00015D559467B6A04CB1160C91751607B627A
:109AD000FEF73FFDBC69236818003B63F8F7CEFE34
:109AE000002801D1FFF703F82060FFF700F859467E
:109AF0007B6A04CB11607B62FEF72BFDBB699E4243
:109B000001D8FEF7F8FC34002E003D6A013C32001B
:109B10002800217801F014FCBB699C42F6D1FEF7C5
:109B2000EAFCB346FEF739FD01235B42BB63FEF757
:109B3000ECFCBB699E4201D8FEF7DDFC3400013C21
:109B40002A002178386A01F0FBFBBB699C42F6D100
:109B5000FEF7D1FC7869D100F8F790FE7861002813
:109B600001D1FEF713FD8046BB693A6B5B00A04450
:109B70001060BB61FEF7F2FDBB6934009E4201D864
:109B8000FEF7B9FC013C2A002178386A01F0D8FBC5
:109B9000BB699C42F6D1FEF7AEFC154800F0C4F854
:109BA0007C623060FFF7C4F900225046FB6AB96955
:109BB00001F0C2FB57E7BB6B002B04D0AB895B06FF
:109BC00001D4FEF79BFCFB6BFEF7E5FCBB6A1B6850
:109BD000BB61013301D0FFF7FAFB01235B4211E4C3
:109BE000F6FF000019D400107FF8FFFF75B10010D8
:109BF00070D6001010B5002100F002F810BDC0466C
:109C000003000020FF2B03D8024A0830D35C184021
:109C10007047C04619D400109423024A5B00D05C00
:109C20007047C04650110020004870474012002085
:109C300030B5040083B0002A0AD006980D4D00907C
:109C4000E4202D582000A847431C0CD003B030BDA1
:109C5000069B084A0093E4230021D558E33B064ABB
:109C6000A847431CF2D10023069A13608A3323606D
:109C7000ECE7C0465011002070D6001082B00029D9
:109C80000AD0002A0BD0002B0BD013780B60107871
:109C9000431E984102B0704701A9002AF3D1002069
:109CA000F8E702204042F5E770B50D7804005E2D1C
:109CB0001DD04E1C002000212300621CFF321970B1
:109CC00001339342FBD1002D0FD001224240625557
:109CD0003378701C2D2B0FD05D2B05D0002B02D0BC
:109CE0001D000600F3E7300070BD701EFCE74D78E4
:109CF0008E1C01200121DFE771785D2911D08D4292
:109D00000FDC2B0002360133E2549942FBDC0023C6
:109D1000681C8D4201DBC518DAE7491B4B1EC518CC
:109D2000D6E72D250600D2E7004870470000C07F27
:109D300030B5002A26D003000B439B0724D1032A09
:109D400022D9164D0BE0043A002A1BD0144C1C19E2
:109D50009C432C4216D104300431032A14D90368E1
:109D60000C68A342EFD004780D78AC4213D10123E4
:109D700006E0C45CCD5CAC420DD10133934201D00E
:109D8000002CF6D1002030BD04780D78A54202D118
:109D9000012AECD1F6E7601BF5E7C04680808080A1
:109DA000FFFEFEFEF0B5DE46574645464E461C0019
:109DB0000023E0B5A1B01C93BB4B82461B680D008D
:109DC000180008920793FEF717FB00220023834632
:109DD0002F0004920593B54A1B953B782D2B02D892
:109DE000990051588F460022099200220A92302B86
:109DF00000D1E5E01C002F2B01D800F07AFD0022F5
:109E0000AC4638000026190015000BE00130930025
:109E10009A181B90047852005218303A21000136EB
:109E20002F2C10DD392C5BDC082EEFDDAB005B192D
:109E300001305B001B905B180478303B1D00210053
:109E400001362F2CEEDC904607995A46A946654606
:109E5000FFF76EFF002800D1BAE20D960023002024
:109E60009C4610930B93002E00D027E10A9B0343DE
:109E700000D09CE26346002B1ED1692C01D100F07A
:109E8000B2FC17DC492C01D100F0ADFC4E2C13D1F3
:109E900087491BA801F0A0FE00280DD01B9B1B7852
:109EA000282B01D100F052FE824802F0F7FC8346D5
:109EB0000F007FE26E2CEBD0089B002B02D0089B9A
:109EC0001D6000239B4600275846390021B0F0BC96
:109ED000BB46B246A946A046F0BD01371B977CE7BA
:109EE000904607995A46A9466546FFF721FF002884
:109EF0007AD11B9B5B441B931C78002E01D000F091
:109F00007DFD302C01D000F06AFD0122D21A981894
:109F100001331B931C78302CF9D02300313B082BE4
:109F200000D9B9E31B9B01269C4630235B429B462C
:109F3000A3445B460793431C1093002367460D938D
:109F40004346079A9B00434490465B00434498462F
:109F50000020634601331B9363465C78210030394F
:109F6000092900D937E31B9B01309C460791002942
:109F7000EFD0109C731CA34683445C461A001094D7
:109F8000012801D100F0B0FC0A002C0080198B469A
:109F900045464946A0469146013807E0AC006519A0
:109FA0006D00984201D100F096FC013332001E0092
:109FB000082AF3D9102BF4DC8C0061184900F0E773
:109FC0007B78203293437E1C582B01D100F05EFC3D
:109FD00037001B963B780136302BF9D0002B00D18F
:109FE000E5E101220A9205E7002300209C460D9638
:109FF0001093202322009A43130000220B92452B3A
:10A0000000D030E733000A9A0343134300D153E7EB
:10A010001B9D6B1C1B936C782B2C01D100F024FC36
:10A020002D2C00D106E300239B462300303B092B57
:10A0300000D9FAE2302C06D11B9B01331B931C780C
:10A040000133302CFAD000230B932300313B082B33
:10A0500000D908E71B9A0133511C1B9154780792D1
:10A0600022002F2C0DDC00F077FC9C00E41864002B
:10A07000A4180A00230001311B915278303B2F2A8B
:10A0800001DD392AF1DD1400079A891A082901DC5B
:10A0900000F062FC084B0B935B46002B00D1E2E61C
:10A0A0000B9B5B420B93DEE6D8D700103CD500102B
:10A0B00038D5001070D600101F4E00000B9B109A70
:10A0C0009B1A0C930D9B002B00D10D96B346102EBE
:10A0D00001DD10239B464046F7F764FF049005918D
:10A0E000092E15DD5A46BE4B093AD2009B181A6854
:10A0F0005B68F7F7E4FE040048460D00F7F752FFEF
:10A1000002000B0020002900F7F7B2FE0490059131
:10A110000F2E00DD72E10C9B002B00D15EE30C9B47
:10A12000002B01DC00F0F3FB162B01DC00F05AFCE5
:10A1300025230C9A9B1B934201DB00F071FC5B46CC
:10A14000F41A0C9B9C4664440F231A0022402342BD
:10A150000AD0A349D200891808684968049A059B67
:10A16000F7F7ADFE049005910F239C43231E00D00A
:10A17000AAE2002307934346390000935046330078
:10A180000D9A01F0ADFE8046002800D19DE30C99A8
:10A19000109B0B98CA171B1A1A40CB43DB171940A8
:10A1A00000260023C3469946B04657460D921391A8
:10A1B0005B463800596801F00DFE8246002800D148
:10A1C00087E35B4659461B690C319A1C92000C30A0
:10A1D000F8F770FB049B059C19000B931EAB0193D1
:10A1E0001DAB00930A00230038000A9402F06EFAB7
:10A1F0001C90002800D1A9E10121380001F012FFD4
:10A200008146002800D164E31D9B002B00DABDE1EC
:10A210000D9A139C9D1807991E9A5B1A36219B185C
:10A220008A1A7049013B8B4200DB4EE1C91A521A6F
:10A230001F2900DDC7E101238B400E9300231193FA
:10A24000079BA4189C46AE182B006444B54200DD61
:10A250003300A34200DD2300002B02DDF61AE41ACE
:10A26000ED1A0D9B002B00DD4CE1002E00DD64E1BA
:10A270000C9B002B00DD8DE1002C00DD99E1002D11
:10A2800008DD49462A00380002F03AF881460028E5
:10A2900000D11EE3524638001C9902F0C9F88046EE
:10A2A000002800D115E3C368494610930023C3601A
:10A2B00002F0A4F8002801DA00F05DFC00D1C5E34B
:10A2C0004946404602F06EFA80230022DB05040076
:10A2D0000D00F7F745FE002800D1FBE0109B002B96
:10A2E00000D180E1059B00240E93002311933E4B87
:10A2F0003D4D12933D4B0E9E1E403D4B9E4200D164
:10A300009EE1079B002B28D0D423DB049E4224D857
:10A31000384A394B11981299F7F722FE002818D0C5
:10A3200011981299F7F77EFE002800D10130F7F757
:10A3300039FE0B001291109902001190002900D0F3
:10A3400013E3169280221206944663441793169CD8
:10A35000179DD623DB04EB189D1B0B980A9902F07E
:10A360002DF902000B0020002900F7F7A8FD0B9A39
:10A370000A9BF7F77DFD0C0004900591079B002BCD
:10A3800004D11A4B23409E4200D144E238001C996C
:10A3900001F048FD5146380001F044FD49463800BF
:10A3A00001F040FD4146380001F03CFD00E700238C
:10A3B00000279B46089B002B01D01B9A1A60099B23
:10A3C000002B00D180E5802109067B181F007BE56A
:10A3D0001B9B0D965B441B931C7800231093BDE5DB
:10A3E00068D8001002FCFFFF0000F03F0000F07F83
:10A3F0000000E07F0000C0FFFFFFDF415B46F41A72
:10A400000C9B9C466444002C00DD9DE600D1B0E628
:10A410000F231A006442224023420AD0049805996F
:10A42000D04BD2009A1853681268F7F72AFD0490AF
:10A430000591241100D19CE61F2C3FDC10231A004B
:10A4400022400792234201D05A33079301220498F5
:10A45000059900239146C44D4A46224204D02A68F9
:10A460006B68F7F72CFD012364100835002CF3D13D
:10A47000002B01D004900591079B002B15D0049B65
:10A48000059C6B236200520D21009B1A002B0CDDF2
:10A490001F2B01DC00F0DCFB00200490342B01DCDE
:10A4A00000F022FCDC239B0405930022049805990C
:10A4B0000023F7F747FD002800D15CE6222352462F
:10A4C0001360002300279B4674E700231193013398
:10A4D0000E93B5E60022A54B20002900F7F7EFFC0C
:10A4E0000B001291109902001190002976D114925C
:10A4F00080221206944663441593059B149C159D77
:10A500000E93F7E649461A00380001F08DFE8146A9
:10A51000002800D1DDE101001C9A380001F0B2FDF5
:10A520001090002800D1D4E138001C9901F07AFC89
:10A53000109B1C93002E00DC9AE6320038001C9918
:10A5400001F0DEFE1C90002800D091E653464646FE
:10A55000BA46D8460C9322235246136000239B46EA
:10A56000834F0100504601F05DFC50460C9901F00C
:10A5700059FC4946504601F055FC4146504601F011
:10A5800051FC3100504601F04DFC13E7139A0D9D2C
:10A59000D41A40E651463800139A01F045FE82462F
:10A5A000031E00D068E64646BA46D8461C980C936F
:10A5B000D1E751462200380001F0A2FE8246031E78
:10A5C00000D05CE6EFE76B49CB1A012199400123EB
:10A5D00011910E9334E601239C460AE5119A129BD1
:10A5E0001492159389E70499059A00295BD10E927C
:10A5F00013035DD10022200029005F4BF7F7AAFC6E
:10A60000002800D0FFE10022584B20002900F7F776
:10A6100056FC802212060B0094466344119012915E
:10A6200018901993189C199D64E600231B950B93B1
:10A63000FFF719FC01239B46AB1C1B93AC78F4E499
:10A640004E4A0E9B9446634405930E940F95049CCA
:10A65000059D2000290001F0B1FF02000B000E98BB
:10A660000F99F7F72CFC22002B00F7F701FC404B69
:10A67000434A049005910B40934220D90A9A414BDA
:10A680009A4203D10B9B013300D122E13D4B05934C
:10A6900001235B42049379E600230D931093013369
:10A6A00000269C46A5E4012900D143E1059B0E93B9
:10A6B00000231193304B0024334D12931AE6D42318
:10A6C0009B04CC18059459E69A225200944200DD6E
:10A6D000FBE024111F2B00DC94E204980599002272
:10A6E0009146013293464A46284BB1461D000793D6
:10A6F000160000235A46224204D02A686B68F7F7F6
:10A70000DEFB0123013664100835012CF2D1320042
:10A710004E469146002B01D004900591174A059BA7
:10A720009446634405934B46D900079B9C46049A84
:10A73000059B614408684968F7F7C1FB0C4B144A54
:10A74000049005910B40934200D9BEE0114A934218
:10A7500000D8CBE10B4B059301235B42049300230C
:10A76000079308E568D8001038D600100000E03FD5
:10A770000000F07FE2FBFFFF0000F03F0000B0FCB4
:10A78000FFFF9F7CFFFFEF7F0000F0BF40D800106D
:10A790000000A07C0000907C012309937A1C1B928E
:10A7A0007B78002B01D1FFF787FB1700FFF71DFB1C
:10A7B00000230993F2E7D2491E9B8C46D14A0493A9
:10A7C0001F9B1A401D9B63441B051A4305922307D8
:10A7D00004D58023059A1B061A430592049B059C09
:10A7E0009B462700E6E5C8491BA801F0F5F90028BB
:10A7F00001D1FFF761FB1B9BC449013B1BA81B93C5
:10A8000001F0EAF9002802D11B9B01331B930023BE
:10A81000BF4F9B46CEE5119E129D30002900F7F7F1
:10A8200019FCF7F70BFC02000B0030002900F7F7CA
:10A8300016FB049A109B24031343240B05000E00FF
:10A84000B44A1C4313D1B44BF7F784FB002800D162
:10A850009CE553464646BA46D8460C931C98049B42
:10A86000059C9B4627007CE600239B46E4E6AB4B19
:10A87000F7F770FB0028ECD128003100A84AA94B5B
:10A88000F7F77EFB002800D180E5E2E7099B029400
:10A8900001931CAB009350461DABA34A1BA900F0CB
:10A8A000B5FE07231D0004000540034200D17EE5EC
:10A8B000062D74D1089B002B01D1FFF702FB1E600F
:10A8C000002300279B46FFF7FFFA2223524613601E
:10A8D0009DE7534667E65B464846079343468946ED
:10A8E000A84601001D000232082E43DC1600FFF7C7
:10A8F00027FB5A4638000799FFF71AFA002845D077
:10A9000000230026994698460D93FFF7A7FA0C9B63
:10A91000163300DA72E504980599109B0B9A9A1A7F
:10A92000824BD2009B181A685B68F7F7AAFA834635
:10A930000F003FE5059B0E93002B00D0B8E6534671
:10A940004646BA46D8460C9322235246136000234B
:10A950001C989B461F0004E61A000B93744B9A4206
:10A9600001DCFFF799FBFFF796FB119A129B1692F9
:10A970001793ECE4102A4FDC4B469B004B4489466E
:10A980005B00160000209944FFF7E3FA00221B9BAE
:10A9900090465B441B9391461C78FFF7B2FA1C9AD1
:10A9A000002A07D035211EA801F030FF50461C991F
:10A9B00001F038FA052D00D909E75E4BAD005B596F
:10A9C0009F465D4B059301235B420493FFE6504B8A
:10A9D0000593FCE61E9B04931F9B0593F7E600205E
:10A9E000FFF79BFA5149DB00C91808684968049AC7
:10A9F000059BF7F764FA83460F00DBE400230D960E
:10AA00001093FFF7ABFA00234C4C189319940023D2
:10AA10001193444B129305E616000020FFF799FAB4
:10AA20000F23424C9E1BF1006118049A059B086895
:10AA30004968F7F744FA0C9B9E1BF600A61932688A
:10AA40007368F7F73CFA83460F00B3E453460C9360
:10AA50000B9B4646D8469B46109BBA460A9F002B46
:10AA600000D1BFE0049B059C3549230322001B0B4A
:10AA70008B4200D1F4E01199002900D1BBE0049A87
:10AA8000059B1C0019421ED0109B58463900002B14
:10AA900000D1BCE001F092FD079B002B0BD06B2393
:10AAA0006400640D1C1B002C05DD264D24050022CE
:10AAB0006319F7F704FA02000B0058463900F7F75C
:10AAC000D7F983460F00079B002B0DD0584639005D
:10AAD0001D4B0022F7F7F3F9030083460F000B43E9
:10AAE00002D12223524613601C983AE5D4229204E4
:10AAF0000B0094466344059300230793FFF73BFB49
:10AB000033040000FFFFEFFF2CD5001030D50010FC
:10AB10000000F07F9535A094FFFFCF3FFFFFDF3FA0
:10AB200035E5AF350000E03F0CD6001068D80010C6
:10AB30001F4E0000F4D50010FFFFFF7F0000E0BFB4
:10AB4000FFFF0F000000F03F000050396C491EAAC3
:10AB50001BA801F057F8052801D0FFF7A5F91F9BA6
:10AB6000684A1A431E9B05920493049B059C9B46CE
:10AB70002700FFF71FFC53460499059A0C930B9B83
:10AB80004646D8469B46109BBA460B430A9F9AD12D
:10AB90001400130397D15B4B1340D622D204934287
:10ABA00091D97369002B02D13369012B8BDD310000
:10ABB0000122504601F0A4FB4946060001F01EFCAC
:10ABC000002800DC7FE7079B002B6ED0D6224D4B80
:10ABD000D2042340934268DCDC229204934200DDDD
:10ABE00074E7B1E60499059A13031B0B14000B4399
:10ABF00000D040E7E7E70E9A049B059C1A4200D17B
:10AC000061E741E7002399463F4B079386E501F052
:10AC1000D5FC079B002B56D06B236400640D1C1BD6
:10AC2000002C05DD394D240500226319F7F747F99B
:10AC300002000B0058463900F7F711F900220023F3
:10AC400083460F00F7F77EF9002800D13EE77BE648
:10AC5000012252429A40049B13400493FFF725FCC3
:10AC6000079B0499002B2BD0D420264BC0042340F3
:10AC7000834225D86B201B0DC01A01235B42834001
:10AC8000994200D0F7E6224B9A4235D080211D4BE5
:10AC900049031A4013008C46634405930023049330
:10ACA000049B059C9B4627000DE7164B1C40194B47
:10ACB0009C46194B64442343059301235B42EEE712
:10ACC00001235B42DCE702000B0058463900F7F72E
:10ACD000C6F80022002383460F00F7F733F9002857
:10ACE00000D031E61C983CE44B239A1A4C3B93402D
:10ACF00019400591FFF7D9FB4B1CC7D11C982AE4DA
:10AD000020D600100000F07F40D800100000F03F77
:10AD1000FFFFEF7F0000F0FFFFFF0F0010B5024BB9
:10AD2000FFF740F810BDC04650110020F0B557465F
:10AD30004E464546DE468246E0B5914688461E00B0
:10AD40000A000820484F83B013001C78551C395D59
:10AD50002A000842F8D12D2C66D02B2C29D0434B49
:10AD60009B4600230193002E2BD0102E64D0370079
:10AD700039005846F6F738FE2B008C460022002199
:10AD800007E0884212D33FD00122794369181C782A
:10AD900001332500303D092D04D9113D192D15D859
:10ADA000373C2500AE4219DD002AEADA0122524280
:10ADB000EDE72C789D1C2D4B9B4600230193002E24
:10ADC000D3D1302C46D00A270A26D1E72500613D91
:10ADD000192D03D8573C2500AE42E5DC002A18DBCC
:10ADE0000198002800D049424846002804D0002A93
:10ADF00038D14B4642461A60080003B0F0BCBB464F
:10AE0000B246A946A046F0BDAC45BDDA0122524289
:10AE1000BDE7222251460A604A465946002AEBD035
:10AE2000013B98465946E4E72C789D1C80231B067D
:10AE30009B460123019396E7302C04D120222B78E6
:10AE40009343582B01D0102792E76C7810271026D7
:10AE500002358DE720222B789343582BF5D0082715
:10AE6000082685E78B46DBE719D40010FFFFFF7F3C
:10AE700010B5012B04D0242B02D8FFF757FF04E0B4
:10AE8000FCF748FC16230360002010BDF0B5DE4639
:10AE900057464E464546E0B589B0934607901E009A
:10AEA0000A0008205D4F059113001C78551C395D80
:10AEB0002A000842F8D12D2C00D180E02B2C62D042
:10AEC00001235B420293564B039300230693002E0B
:10AED00006D0102E00D17CE0F317B246994607E069
:10AEE000302C00D181E00A239A4600230A26994695
:10AEF00052464B4602980399F6F7B4FD0F00804680
:10AF0000049200200022002119E01C00A64221DD4D
:10AF1000531C12D0B9423ED801D140453BD88045A0
:10AF200034D052464B46F7F731FCE31700940193B7
:10AF3000009B019C0122C01861412C78013523003F
:10AF4000303B092BE1D92300413B192B26D8373C54
:10AF5000A642DDDC531C27D0069B002B04D0030047
:10AF60000C0000215842A1415B46002B04D0002A6E
:10AF70004BD15B46059A1A6009B0F0BCBB46B2469D
:10AF8000A946A046F0BD2C789D1C99E78F42C8D1F8
:10AF9000049BA342C5DA01225242CEE72300613B63
:10AFA000192BD7D8573CB1E72223079A13605B4689
:10AFB000002B27D06B1E029803990593D9E72C78B4
:10AFC0009D1C0023029380231B06039301230693F9
:10AFD0007DE7302C04D120222B789343582B09D0C5
:10AFE00010239A460023994682E720222B78934328
:10AFF000582B0DD110239A4600236C7899461026C1
:10B00000023575E702980399B6E702900391D1E7FC
:10B0100008239A4600230826994669E719D40010A8
:10B02000FFFFFF7F10B5FFF731FF10BDF0B54E46B3
:10B03000DE46574645468346E0B588461E009146A3
:10B040000B000820474F83B01A0014780133395D94
:10B050001D000842F8D12D2C5FD0002301932B2C2A
:10B0600033D0002E0ED0102E5CD001203100404293
:10B07000F6F7BAFC0700012031004042B246F6F76D
:10B08000B3FC06E0302C59D00A2305219A460A2643
:10B09000354F002200202300303B092B07D9113BFC
:10B0A000192B03D92300613B192B11D80A339E4277
:10B0B0000EDD002A23DBB84221D81ED05246504371
:10B0C000012218182C780135E5E72C78951CC8E783
:10B0D000002A17DB019B002B00D040424B46002B7F
:10B0E00004D0002A16D14B4642461A6003B0F0BC89
:10B0F000BB46B246A946A046F0BD8B42DEDD01222A
:10B100005242DFE722235A46012013604B46404259
:10B11000002BEBD06B1E9846E5E71C780123951CAD
:10B1200001939EE7302C04D120222B789343582B97
:10B1300009D010230F219A460C4FAAE720222B7822
:10B140009343582B07D110236C780F219A46102671
:10B15000064F02359DE7082307219A460826044F2B
:10B1600097E7C04619D4001099999919FFFFFF0F6E
:10B17000FFFFFF1F10B5FFF759FF10BDF0B5574691
:10B180004E46DE464546E0B587B01E000590924625
:10B190000B000820634F03911A0014780133395DC6
:10B1A0001D000842F8D12D2C00D188E00023049323
:10B1B0002B2C67D0002E16D0102E00D184E0F31770
:10B1C000320001204042C1179946F6F74BFC32008D
:10B1D00080460F004B4601204042C117F6F742FC63
:10B1E000B34602920CE0302C00D17EE0052302939E
:10B1F0004D4B0A2698460A239B46002399464B4FFF
:10B2000000220020002119E01C00A64221DD002AB6
:10B2100040DBB9423ED801D140453BD8404534D00F
:10B220005A464B46F7F7B2FAE31700940193009B96
:10B23000019C0122C01861412C7801352300303B6C
:10B24000092BE1D92300413B192B26D8373CA642D4
:10B25000DDDC002A27DB049B002B04D003000C005C
:10B2600000215842A1415346002B04D0002A23D18B
:10B270005346039A1A6007B0F0BCBB46B246A946D3
:10B28000A046F0BD2C78951C94E7B942C8D1029B2A
:10B290009C42C5DD01225242CEE72300613B192BBF
:10B2A000D7D8573CB1E72223059A01204042C11765
:10B2B00013605346002BDED06B1E0393D8E71C7837
:10B2C0000123951C049375E7302C04D120222B78A0
:10B2D0009343582B0ED00F230293103B9846113303
:10B2E0009B460023124F99468AE720222B789343EE
:10B2F000582B0CD10F230293103B984611339B46D9
:10B3000000236C7899461026094F023578E7072309
:10B310000293083B984609339B460023082699462A
:10B32000044F6DE719D40010999999999999991931
:10B33000FFFFFF0FFFFFFF1F10B5FFF71FFF10BD3F
:10B3400070B514004B1C1BD093892022FF2593431A
:10B35000A381236BCEB20D40002B14D06368626BC7
:10B36000934208DA2368013B23601E70636801334F
:10B370006360280070BD210000F0A6F80028F1D01D
:10B3800001256D42F5E722692368002A05D09A421B
:10B3900003D25A1E1178A9420FD0A3632300403371
:10B3A00023630323626863633F33E263E65423004D
:10B3B0004233236001236360DBE76368226001336B
:10B3C0006360D6E710B50C00096B00290FD023008D
:10B3D0004033994201D0FCF7F1F900232363E36B7A
:10B3E0006360002B03D00020A36B236010BD236992
:10B3F00020222360002301206360A389404213437D
:10B40000A381F3E7F0B55746DE464E464546E0B524
:10B4100085B002925A4383460F0092460E9C0193D8
:10B42000002A37D0656816002168AA4225D9002372
:10B430009846403399465346A144039338002A0066
:10B44000F7F738FA2368216B5B1923604346B2464D
:10B4500063607F19761B002924D0494502D05846E5
:10B46000FCF7ACF943462363E36B6360002B19D010
:10B47000A16B1D002160B342E0D332003800F7F722
:10B4800019FA63689B1B636023689C46019B6644B2
:10B490009A462660504605B0F0BCBB46B246A94667
:10B4A000A046F0BD039B51469A46236920222360A3
:10B4B00000236360A38955441343681AA38102994A
:10B4C000F6F792FA8246E5E7F0B50C002300C6468F
:10B4D000096B403300B5994215D0666B77003A008E
:10B4E000FCF744FD051E28D0831998460100320060
:10B4F0001800F7F7DFF943460020236025636763F0
:10B5000080BCB846F0BD8025ED002900FCF750FA5C
:10B51000002812D0422320636563E25C084BC254CA
:10B520004123E25C074BC2544023E25C064B9C463D
:10B53000C254604420600020E2E701204042DFE77F
:10B54000FF030000FE030000FD030000002909D0F6
:10B55000FF2A02D801200A7070478A230360012065
:10B560004042F9E70020F7E7F0B5D6464F46464699
:10B570000369C0B59A464F11BB422DDD1F2205005D
:10B58000140014359E000C40BB00A446AE19EB1805
:10B590000A422AD0202202CB121B9046E1409E4252
:10B5A00016D9A94644461A68A2400A43494604C12E
:10B5B0006246894602CBD1409E42F3D85346DC1BFB
:10B5C000A400043C2C192160002919D0043417E090
:10B5D0002C0041610029F9D100230361002343615C
:10B5E000E0BCBA46B146A846F0BD2A009E42F3D957
:10B5F00002CB02C29E42FBD85346DC1BA4002C198E
:10B60000631B9B100361AC42EAD1E7E7F0B5DE466D
:10B610004E4645465746E0B58BB00993B94B079067
:10B620001B68894618001C0093460593FCF7E4FE4E
:10B63000A446020062441300013B1B78049001936E
:10B640004B461D68AA78302A00D016E202214942F2
:10B65000EB1C491B1D00CF1801335A1E1278302AEB
:10B66000F8D0A94B98469B5C002B00D1F3E04246F2
:10B670002B780024D35C002292462E00002B05D0AC
:10B68000424673780136D35C002BF9D13000049A1E
:10B690000599FEF74DFB0390002857D0002C58D198
:10B6A000002233780392202234009343502B59D048
:10B6B0004B461E605346002B77D1631B013B002194
:10B6C000072B03DD01315B10072BFBDC079800F033
:10B6D00081FB8246002800D170E214235344089372
:10B6E000A54200D3D5E102930023049A9946013381
:10B6F0009B1A06932B0000274D4699460DE0202FFC
:10B700001DD03A000437414633783400CB5C0F211A
:10B710000B4093401D434C4555D9661E3378019A22
:10B720009342ECD1069BF4184C45E8D32000049AD0
:10B730000599FEF7FDFA0028EDD0202FE1D1029BFC
:10B74000002220C3042700250293DCE7002C00D14F
:10B7500080E12022A41BA300039333783400934399
:10B76000502BA5D163782B2B00D163E12D2B00D179
:10B77000A3E00022611C4046C35C2600581E182826
:10B7800096D840464E1C4978103B415C081E5FD15C
:10B79000002A00D05B42039A94469C44634603937C
:10B7A0004B461E605346002B87D07B1E9F410523CE
:10B7B0007F429F43063738000BB0F0BCBB46B24611
:10B7C000A946A046F0BDA9464A46029B484604C386
:10B7D000089A9B1A52469B1013615E0100F0D8FB39
:10B7E0005B461C68361AA6426BDC0025A64200DACE
:10B7F00022E15B46039A9B68934200DA40E15B4694
:10B80000039A5B68934243DD9E1AB44200DD7DE0FB
:10B810005A46D268022A00D175E1032A00D16DE1AF
:10B82000012A00D150E15146079800F0FBFA0023AD
:10B83000149A50271360BEE79900C91849000918E7
:10B8400040460B0071780136405C103B00289FD0C9
:10B850001928F1DD9CE7049C280022000599FEF7D9
:10B8600067FA00286FD12300EA5C43469B5C2C19E1
:10B87000002B6AD02500302A05D16B780135302B9A
:10B88000FBD04246D35C5942594101278A46F4E62F
:10B890000127002D0AD05B46DB68022B5DD0032B0D
:10B8A0005FD0012B00D1BBE010231F435246149BF5
:10B8B0001A60099B039A1A607DE70122A378A11CF4
:10B8C00059E7361B3100504600F0C0FF051E0FD06F
:10B8D0001F210123701E01408B40421108999200E4
:10B8E0008A5801251A4203D0012800DDDEE0022536
:10B8F00031005046FFF738FE039B9C46B444634634
:10B90000039376E7D8D70010D8D60010771E002D05
:10B9100000D0C3E0002F00D0C2E01F237A111F40E7
:10B920001E3BBB40089992008A581A4201D002235C
:10B930001D4331005046FFF717FE5B465B68022748
:10B94000A41B0393A5E72C002A7820239A43502AAE
:10B9500000D1B4E04B461C6027E70123159A9B1ADF
:10B960001593159B002B9FD053461E69089DB3006D
:10B970009946E81800212B00B44603E002C3984220
:10B9800000D8C5E01A68561CF8D001321A60022FA0
:10B9900000D1D1E01F231E0021272640234285D05D
:10B9A0004B46EB18043B186800F0F2FA20239E1B6C
:10B9B000B04200DB7AE753461A69002A00DCEAE06D
:10B9C000534650465B699200AA1818305B088242C1
:10B9D00000D8E7E02C0019000368DB070B4308C41C
:10B9E00002C849088242F7D80B005146521A193A48
:10B9F000920801329200AA181360002B00D0D5E003
:10BA00005146531B9B100B61AA4200D1C6E05B4616
:10BA1000039A9B6801320392934231DB212745E769
:10BA2000AA0700D440E7089A1268154301922B42F6
:10BA30009AD139E7002241E7A61B51463200079808
:10BA400000F05EFC039B82469B1B0393142353442C
:10BA50000893CEE64246049BF118F35C0E00D25CDC
:10BA6000002A00D11FE6424673780136D25C002AD4
:10BA7000F9D1891B8A00039215E600270235F0E50B
:10BA80005146079800F0CEF90023149AA3271360BB
:10BA900091E6089B02930023994695E601253CE731
:10BAA0003900504600F0D2FE050036E75046B11E80
:10BAB00000F0CCFE0235002800D019E717E700237C
:10BAC000039301339A464DE6B44200D0ABE6012C15
:10BAD00008D05046611E00F0B9FE002800D1A2E651
:10BAE0005B465B68099A6227136001235246136123
:10BAF000089A13605246149B1A605CE6159A002A55
:10BB000000D190E6EEE7159A002A00D08BE6E9E72F
:10BB10005246664692686346964220DA51465A1C5F
:10BB20000A61012104339B0053445960022F03D062
:10BB3000964200DA41E72DE75B461B682227013B6E
:10BB4000A34200D0B2E61F2362111C401E3BA3405B
:10BB5000920057591F407B425F412137A6E653466A
:10BB60005B680798591C00F035F9804600281FD003
:10BB7000534651461B690C319A1C92000C30F6F763
:10BB800099FE5146079800F04DF945464346C24696
:10BB90001B691435C2E70023524613610023524645
:10BBA000536134E72A002B60002B0DD0043227E7C5
:10BBB00000228421064B0748F7F77AFE0022DE2197
:10BBC000034B0448F7F774FE52461361E6E7C0469C
:10BBD00060D6001074D6001030B5026808E0137803
:10BBE0001D00413D192D00D820330131A34206D15B
:10BBF0000C780132002CF2D10260012030BD00200F
:10BC0000FCE7C046F0B54546DE4657464E469046F0
:10BC10000A681F21E0B585B00090080053119B0011
:10BC2000104043440190114200D092E01A001F1FBF
:10BC3000131F9A46002352461360009B18684178F0
:10BC4000002900D19AE00023BC469B46604B3D0092
:10BC500000245F4600229946E34616E0202900D9D9
:10BC600089E097420DDA654501D2072C56DD08249C
:10BC7000A84506D22B1F00219C4617001D0000245A
:10BC8000196081780130002911D04B465B5C002B94
:10BC9000E4D001340132082C39DC296809010F266F
:10BCA00033400B432B60817801300029EDD15F4692
:10BCB000002A63D0AC4501D9072C6EDDA8454BD2D4
:10BCC00042462B0002CB02C29F42FBD2791C6A1C67
:10BCD000042391425CD243441D00002308C5AF42B7
:10BCE000FCD253461B68002B09D14346B84502D10C
:10BCF00046E0BB4244D0043F3A68002AF9D0052010
:10BD000005B0F0BCBB46B246A946A046F0BDA8456A
:10BD1000B7D20021043D01242960C0E708231C1B81
:10BD2000A4001833191B02902E00080003942B68FE
:10BD300064469446039A716881400B43336073688C
:10BD40000436D3403360A642F5D362460298A44637
:10BD50008DE71F001A1D6BE7019B002BC1D020222D
:10BD6000019BD21A01235B42D34052461268134012
:10BD700052461360B7E75F46292905D00420BFE784
:10BD8000012305203B60BBE7009B023018608FE772
:10BD90007D1BAD080135AB009DE7082320261C1B49
:10BDA000A4002B68361B1A003300280026006446C6
:10BDB000AC461D0041680B00AB4013430A00F24043
:10BDC0000360426004308442F4D8654676E7C0469A
:10BDD000D8D60010C36C70B504000D00002B0AD03B
:10BDE000A8001B18186800280ED002681A600023EB
:10BDF0000361C36070BD21220421FBF73DFC031EDB
:10BE0000E064EDD10020F5E70126AE40721D01216E
:10BE100020009200FBF730FC0028F3D045608660DC
:10BE2000E5E7C046002906D04B689A00C36C9B1812
:10BE30001A680A6019607047F0B5C6461F00804650
:10BE4000002300B50E000D6914310C680133200485
:10BE5000000C5043240C5443C019070CE41900048F
:10BE6000270C000C2404241810C19D42EDDC002F87
:10BE700008D0B368AB4209DD2B1D9B00F3180135D8
:10BE80005F603561300080BCB846F0BD73684046E5
:10BE9000591CFFF79FFF041E17D0310033690C3186
:10BEA0009A1C92000C30F6F705FD73689A00434621
:10BEB000DB6C9B181A6832601E6026002B1D9B00ED
:10BEC000F31801355F603561DCE70022B521024BD4
:10BED0000248F7F7EDFCC04660D60010E4D700102A
:10BEE000F8B54746CE460600180080B50C0008306D
:10BEF00009211F009046F5F74FFD092F3BDD012575
:10BF000000216D000131A842FBDC3000FFF762FF29
:10BF1000011E32D0089B4361012303614346092B74
:10BF200016DC092398460A3447450CDD4346E719D9
:10BF3000FF1A23780A223000303BFFF77DFF0134DF
:10BF40000100BC42F5D10800C0BCB946B046F8BDFE
:10BF500009239946A1444D4644442B780A223000D7
:10BF6000303BFFF769FF01350100A542F5D144469A
:10BF7000083C4C44D8E70021C7E70022024B0348A5
:10BF8000CE31F7F795FCC04660D60010E4D700101C
:10BF90000300020C0020002A01D11B0410301A0EED
:10BFA00001D108301B021A0F01D104301B019A0F76
:10BFB00001D102309B00002B02DB01305B0000D579
:10BFC00070472020FCE7C04603680200590707D0ED
:10BFD000D9071ED4990720D55B080360012070475C
:10BFE0000020190401D11B0C1030FF21194201D18E
:10BFF00008301B0A190701D104301B09990701D128
:10C0000002309B08D90702D401305B0803D01360CB
:10C01000E5E70020E3E72020E1E79B08036002203A
:10C02000DDE7C046C36C70B504000D00002B0AD0DC
:10C030005868002815D002685A600023C360013395
:10C040004561036170BD21220421FBF715FB031E2E
:10C05000E064EDD1A0210022084B09484900F7F720
:10C0600027FC1C2201212000FBF706FB0028F1D051
:10C070000123436001338360DFE7C04660D60010D0
:10C08000E4D70010F0B54E464546DE465746E0B5CB
:10C090000D6916698946140087B0B54204DB330088
:10C0A0000C002E0091461D00A36877196168BB4201
:10C0B00000DA0131FFF78EFE0590002800D1A7E0DD
:10C0C00014229446059B002263449B46BB005B44BC
:10C0D0009A465B465146D34503D204C39942FCD8E5
:10C0E0008A4614239C46A444634604931423B60052
:10C0F0006644AD009C462B00E1444B4402939945B5
:10C100006ED204230393230015339E4200D27CE0B9
:10C11000331B153B9B0801339B00B84603930196E4
:10C1200008E0000C31D104239C46029BE144E34427
:10C130004B4554D94B46186803041E0C002BF0D015
:10C14000019B5D4600279C46049C04CC296813048F
:10C150001B0C73430804000C1B18D819130C7343F1
:10C16000090C020C5B189B1802041F0C120C1B0418
:10C17000134308C5A445E8D8634601935B46039A78
:10C180009F504B461868000CCDD05B4600271B68BB
:10C190005C4619003E00049D019A2F88090C474314
:10C1A0007F18BF191B0439041B0C0B43236008CDF7
:10C1B00061681B0C43430E04360C9B193F0CDB19C2
:10C1C0001E0C0434AA42E8D801925A4603995350EF
:10C1D00004239C46029BE144E3444B45AAD84746CE
:10C1E0005346002F03DC06E0013F002F03D0043B41
:10C1F0001A68002AF8D0059B18001F6107B0F0BC30
:10C20000BB46B246A946A046F0BDB846019691E7A6
:10C210005E210022024B0348FF31F7F749FBC0467D
:10C2200060D60010E4D70010F8B503234746140089
:10C23000CE461A0080B50E0007002240234238D1B6
:10C24000A41025D0BD6C002D3CD0012398460023BE
:10C2500099464346234208D1641019D02868002823
:10C260001BD0050043462342F6D02A003100380097
:10C27000FFF708FF002E1AD0FA6C736894469B00F3
:10C2800063441A68641032601E600600002CE5D119
:10C290003000C0BCB946B046F8BD2A0029003800BD
:10C2A000FFF7F0FE4B46286005000360DAE7060062
:10C2B000D2E70F4B013A9200D2580023FFF7BCFDA2
:10C2C0000600BDE701213800FFF784FD051E07D0F9
:10C2D000084B4361012303610023B8640360B4E7A2
:10C2E000A0210022044B05484900F7F7E1FAC046B7
:10C2F00030D900107102000060D60010E4D70010A1
:10C30000F0B50C0023694546DE4657464E46984632
:10C31000E0B55711B84443465D1CA3688346160038
:10C32000496883B09D4203DD01315B009D42FBDC27
:10C330005846FFF74FFD8446002853D014300300C1
:10C340000190002F0CDDBF003A000021143262443E
:10C3500002C39342FCD1019B9946B9444B460193D9
:10C360002269230091001F221000143330408146BF
:10C370005918324230D00132121A92460026019FDB
:10C3800048461A688240324304C7524640CBD640E2
:10C390009942F5D8220015320423914204D30B1B95
:10C3A000153B9B0801339B00019AD650002E00D00C
:10C3B000A846634642461A61636860469A005B4637
:10C3C000DB6C9B181A6822601C6003B0F0BCBB4693
:10C3D000B246A946A046F0BD019804CB04C09942DC
:10C3E000FBD8E6E7DA210022024B0348FF31F7F7DA
:10C3F0005FFAC04660D60010E4D7001003690A69EE
:10C4000030B50500981A934211D1920014351431B9
:10C41000AB18891801E09D4209D2043B04391A681F
:10C420000C68A242F7D0A24292410120104330BDD5
:10C43000F0B54E464546DE465746E0B50B698846A0
:10C440001169914683B05C1A8B4200D095E0464654
:10C450008900143614327318521802E09E4200D339
:10C460008FE0043B043A1D6811688D42F6D000D27B
:10C470007EE043465968FFF7ADFC002800D18AE012
:10C4800043461A69142343449C46C4601C004B462F
:10C490001B6991009B0061449C4614234F469A46B9
:10C4A000143782445346BC448B46A2461426644645
:10C4B00000219446424680460193935901CF1D04C2
:10C4C0002D0C691805042D0C4D1B010C40461B0C4E
:10C4D0005B1A29145B182D0419142D0C1B042B4313
:10C4E00083510436BC42E8D86246A4464D461C003F
:10C4F00063464E465D1B153D15360023AD08B44519
:10C5000000D3AB00019FB84604274344B44501D390
:10C510000135AF00019DBA44AC46BC44D34518D99F
:10C52000654657465E4610CF23041B0C5B18191452
:10C53000240C64181B0421141B0C24041C4310C578
:10C54000BE42F0D8310053460139CB1A9B089B00FC
:10C550006344002C04D1043B1968013A0029FAD045
:10C56000026103B0F0BCBB46B246A946A046F0BD8E
:10C5700043460124C84699467BE7002CF8DB00249B
:10C5800077E70021FFF726FC00280BD00123036189
:10C5900000234361E5E790210022054B054889000F
:10C5A000F7F786F90022024B03490248F7F780F9B2
:10C5B00060D60010E4D70010320200000F4B194083
:10C5C0000F4B9C466144002904DD00220B00100043
:10C5D000190070474942002200230915132904DC81
:10C5E0008020000308410300F1E7143901201E29CF
:10C5F00002DC80200006C8400200E8E70000F07F6F
:10C600000000C0FCF8B506004746CE460469143663
:10C61000A4003419231F1D6880B528000F00984618
:10C62000FFF7B6FC20210A1A3A600A282EDD46459B
:10C6300023D208235B429846A04443461F680B233D
:10C640005B429C4684440B281CD063469D40C91A1B
:10C650003B00CB401C481D432843030046452FD2D6
:10C660000C3C2068C84061468F4007433A001000E8
:10C670001900C0BCB946B046F8BD030000270B3B0B
:10C680000B2817D1104929430B00EFE72F0015396C
:10C690000B1ADF400C49994639430B0000274645E9
:10C6A00003D24946083C2768CF40153085403D43BA
:10C6B0002A00DCE79D400449002729430B00D5E709
:10C6C00061468F40D2E7C0460000F03F70B50121BF
:10C6D00082B015001C00FFF77DFB061E4FD0230320
:10C6E00064001B0B640D02D080225203134301939C
:10C6F000002D17D101A8FFF767FC019B012573618D
:10C70000012320303361002C24D0204B9C46069B13
:10C71000644424181C603523181A079B18603000E5
:10C7200002B070BD68460095FFF74EFC002822D08D
:10C73000019D20232A001B1A9A401300C540009A2D
:10C74000019513437361B5616B1E9D4101353561E0
:10C75000002CDAD10E4B9C46069B604418600D4BB2
:10C76000EB189B00F3185869FFF712FC6D01079B4B
:10C770002D1A1D60D3E7009B019D7361E3E7002242
:10C78000054B06490648F7F793F8C046CDFBFFFF77
:10C79000CEFBFFFFFFFFFF3F60D600100A03000043
:10C7A000E4D70010F0B5CE46474680B585B0884640
:10C7B00002A98146FFF726FF04000D00404603A9A9
:10C7C000FFF720FF02000B00404649460069096957
:10C7D00000920193091A49018C4602980399401A64
:10C7E0000100614400290BDD09054F193D002000BF
:10C7F0002900F5F746FB05B0C0BCB946B046F0BD10
:10C8000009055B1A0193009A019BF0E713000139B7
:10C8100070B54C111169013414338900A400591802
:10C8200004198B420AD2050040CB40C59942FBD87F
:10C830008B1A153B9B0801339B00C018844203D917
:10C84000002308C08442FCD870BDC04602000369C2
:10C8500010B51432481183420ADA9B00D31803E062
:10C86000043B1968002917D19342F9D8002010BD64
:10C8700083420EDD1F231C000C400B4209D08300B5
:10C88000D31819680120E140A1401C688C42EED108
:10C89000EAE78300D318E7E70120E8E70020014931
:10C8A0007047C0460000F87FF8B5C04600000000A1
:10C8B00001B40248844601BC604700BF610100200A
:10C8C00001B40248844601BC604700BFED0200206D
:10C8D00001B40248844601BC604700BF390400200F
:10C8E00001B40248844601BC604700BF3D040020FB
:10C8F00001B40248844601BC604700BF39040020EF
:10C9000001B40248844601BC604700BF1503002003
:10C9100001B40248844601BC604700BF25040020E2
:10C9200001B40248844601BC604700BF11040020E6
:10C9300001B40248844601BC604700BFBF0200202A
:10C9400001B40248844601BC604700BF790300205F
:10C9500001B40248844601BC604700BFE3010020E7
:10C9600001B40248844601BC604700BF8504002032
:10C97000ED170010191800108919001099280010DF
:10C98000C5200010C1270010B51800103518001080
:10C990005518001069180010A10E00107118001031
:10C9A00019120010C1170010610B0010B102001025
:10C9B0002F62656E6465722F6D616E696665737452
:10C9C0002E747874002531355B5E3A5D3A25643A01
:10C9D0002564002F62656E6465722F25732F6625AE
:10C9E0003032642E72617700303A000A2A2A2A20F7
:10C9F00050414E4943202A2A2A0A0048617264772E
:10CA000061726520616C61726D20256420616C72B9
:10CA10006561647920636C61696D65640048617269
:10CA20006420617373657274004F7574206F6620A3
:10CA30006D656D6F72790052656C6561736500623A
:10CA40006F6F74325F7732357130383000322E328A
:10CA50002E30007069636F004170722020352032E3
:10CA60003032360005005250DE65F4685CEB001091
:10CA7000060052505422A29D58CA0010060052507F
:10CA8000BBFF3CB653CA001006005250ABB3605314
:10CA90004DCA001006005250E182887F3FCA001044
:10CAA00006005250D3F0754237CA0010666E690016
:10CAB000666E692B006E616E00666E692D00000067
:10CAC000000000000000F03F0000000000002440D3
:10CAD00000000000000059400000000000408F40AE
:10CAE000000000000088C34000000000006AF84019
:10CAF0000000000080842E4100000000D01263413D
:10CB00000000000084D797410000000065CDCD41B2
:10CB10002C2066756E6374696F6E3A2000617373C2
:10CB2000657274696F6E2022257322206661696CBC
:10CB300065643A2066696C6520222573222C206C7E
:10CB4000696E65202564257325730A000D0A4E6FF2
:10CB500020444D41206368616E6E656C7320617284
:10CB60006520617661696C61626C650061001A0321
:10CB7000E0001703F8000703FF000100780100013F
:10CB8000300132010601390110014A012E017901FB
:10CB9000060180014D00430281018201820184016E
:10CBA000840186018701870189018A018B018B013C
:10CBB0008D018E018F0190019101910193019401EA
:10CBC000F60196019701980198013D029B019C0195
:10CBD0009D0120029F01A001A001A201A201A401C8
:10CBE000A401A601A701A701A901AA01AB01AC01FB
:10CBF000AC01AE01AF01AF01B101B201B301B301AC
:10CC0000B501B501B701B801B801BA01BB01BC015A
:10CC1000BC01BE01F701C001C101C201C301C401D1
:10CC2000C501C401C701C801C701CA01CB01CA01BE
:10CC3000CD011001DD0101008E01DE011201F301C1
:10CC40000300F101F401F401F801280122021201AC
:10CC50003A020900652C3B023B023D02662C3F0272
:10CC600040024102410246020A0153024000810192
:10CC70008601550289018A0158028F015A029001EA
:10CC80005C025D025E025F02930161026202940136
:10CC90006402650266026702970196016A02622CCD
:10CCA0006C026D026E029C01700271029D017302A2
:10CCB00074029F0176027702780279027A027B027F
:10CCC0007C02642C7E027F02A60181028202A901FD
:10CCD0008402850286028702AE014402B101B201DC
:10CCE00045028D028E028F0290029102B7017B03F2
:10CCF0000300FD03FE03FF03AC0304008603880367
:10CD000089038A03B1031103C2030200A303A3032F
:10CD1000C4030803CC0303008C038E038F03D803E2
:10CD20001801F2030A00F903F303F403F503F60311
:10CD3000F703F703F903FA03FA033004200350045E
:10CD40001007600422018A043601C1040E01CF04D9
:10CD50000100C004D00444016105260400007D1DCB
:10CD60000100632C001E9601A01E5A01001F080638
:10CD7000101F0606201F0806301F0806401F060663
:10CD8000511F0700591F521F5B1F541F5D1F561F65
:10CD90005F1F601F0806701F0E00BA1FBB1FC81F51
:10CDA000C91FCA1FCB1FDA1FDB1FF81FF91FEA1F9D
:10CDB000EB1FFA1FFB1F801F0806901F0806A01F0D
:10CDC0000806B01F0400B81FB91FB21FBC1FCC1F3C
:10CDD0000100C31FD01F0206E01F0206E51F01006D
:10CDE000EC1FF31F0100FC1F4E21010032217021B6
:10CDF0001002842101008321D0241A05302C2F0435
:10CE0000602C0201672C0601752C0201802C640144
:10CE1000002D260841FF1A030000C700FC00E900AE
:10CE2000E200E400E000E500E700EA00EB00E800D3
:10CE3000EF00EE00EC00C400C500C900E600C6002B
:10CE4000F400F600F200FB00F900FF00D600DC0061
:10CE5000A200A300A500A7209201E100ED00F300CD
:10CE6000FA00F100D100AA00BA00BF001023AC0004
:10CE7000BD00BC00A100AB00BB009125922593250D
:10CE80000225242561256225562555256325512532
:10CE900057255D255C255B251025142534252C257B
:10CEA0001C2500253C255E255F255A25542569252E
:10CEB0006625602550256C25672568256425652530
:10CEC00059255825522553256B256A2518250C25EB
:10CED000882584258C2590258025B103DF009303C8
:10CEE000C003A303C303B500C403A6039803A903A7
:10CEF000B4031E22C603B50329226122B1006522B4
:10CF0000642220232123F7004822B0001922B70011
:10CF10001A227F20B200A025A000EB76904558464B
:10CF20004154202020004641543332202020002A42
:10CF30003A3C3E7C223F7F002B2C3B3D5B5D004515
:10CF400046492050415254000001004546492050B6
:10CF5000415254000001005C00000000000200EE9D
:10CF6000FEFF0001000000FFFFFFFF809A45418E99
:10CF7000418F804545454949498E8F9092924F99FE
:10CF80004F555559999A9B9C9D9E9F41494F55A538
:10CF9000A5A6A7A8A9AAABACADAEAFB0B1B2B3B4C9
:10CFA000B5B6B7B8B9BABBBCBDBEBFC0C1C2C3C4B9
:10CFB000C5C6C7C8C9CACBCCCDCECFD0D1D2D3D4A9
:10CFC000D5D6D7D8D9DADBDCDDDEDFE0E1E2E3E499
:10CFD000E5E6E7E8E9EAEBECEDEEEFF0F1F2F3F489
:10CFE000F5F6F7F8F9FAFBFCFDFEFFA2A0D0EBE5A1
:10CFF000B9334487C068B6B72699C7010305070946
:10D000000E10121416181C1EFF4E6F20534420637E
:10D01000617264206465746563746564210D000049
:10D0200065256C6400000000E0840010F6840010A8
:10D03000F6840010F6840010F6840010A889001011
:10D04000F6840010F6840010F6840010F6840010B8
:10D05000F6840010D6850010D6850010D685001005
:10D06000D6850010D6850010D6850010D685001014
:10D07000D6850010D6850010D6850010F6840010E5
:10D08000F6840010F6840010F6840010F684001078
:10D09000F6840010F6840010F8850010F684001065
:10D0A000B8880010DC880010F8850010F8850010A2
:10D0B000F8850010F6840010F6840010F684001045
:10D0C000F68400109C870010F6840010F68400108F
:10D0D000C8880010F6840010F6840010F684001052
:10D0E000F4880010F6840010F6840010F684001016
:10D0F000F6840010C0870010F6840010F68400103B
:10D1000000890010F6840010F6840010F6840010E8
:10D11000F6840010F6840010F8850010F6840010E4
:10D12000BC880010E0880010F8850010F885001019
:10D13000F8850010608900107C8900109C87001021
:10D14000F684001018890010368900108C890010B0
:10D15000CC880010F0880010F6840010F6840010CF
:10D16000528900108C8700105A890010F684001034
:10D17000F6840010C0870010F68400108C87001021
:10D18000C28B00103A8B0010C28B00103A8B00103B
:10D190003A8B0010DC8B0010948B0010948B0010E5
:10D1A000948B0010948B0010948B0010948B0010C3
:10D1B000948B0010CC8B0010CC8B00103A8B00109D
:10D1C0003A8B00103A8B00103A8B00103A8B00100B
:10D1D0003A8B00103A8B0010108B0010108B00104F
:10D1E000108B0010108B0010108B0010108B001093
:10D1F0003A8B00103A8B00103A8B00103A8B0010DB
:10D200003A8B00103A8B00103A8B00103A8B0010CA
:10D210003A8B00103A8B00103A8B00103A8B0010BA
:10D220003A8B00103A8B00103A8B00103A8B0010AA
:10D230003A8B0010A48B00103A8B00103A8B001030
:10D240003A8B00103A8B00103A8B00103A8B00108A
:10D250003A8B00103A8B0010108B0010108B0010CE
:10D26000108B0010108B0010108B0010108B001012
:10D270003A8B00103A8B00103A8B00103A8B00105A
:10D280003A8B00103A8B00103A8B00103A8B00104A
:10D290003A8B00103A8B00103A8B00103A8B00103A
:10D2A0003A8B00103A8B00103A8B00103A8B00102A
:10D2B0003A8B0010A48B0010588F0010FA8C0010CD
:10D2C000588F0010FA8C0010FA8C0010688F001034
:10D2D000548D0010548D0010548D0010548D00108A
:10D2E000548D0010548D0010548D0010548D00107A
:10D2F000548D0010FA8C0010FA8C0010FA8C00107B
:10D30000FA8C0010FA8C0010FA8C0010FA8C0010C5
:10D310002A8E00104E8D00104E8D00104E8D001084
:10D32000468E00103A8F0010FA8C0010FA8C001014
:10D33000788E0010FA8C0010FA8C0010FA8C001015
:10D34000FA8C0010F88D0010FA8C0010AC8D0010D3
:10D35000FA8C0010FA8C0010FA8C0010A08D0010CE
:10D36000FA8C0010FA8C0010FA8C0010728D0010EC
:10D37000668D0010FA8C0010FA8C0010FA8C0010E8
:10D38000FA8C0010FA8C0010FA8C0010FA8C001045
:10D390002A8E00104E8D00104E8D00104E8D001004
:10D3A000468E00103A8F0010FA8C0010FA8C001094
:10D3B000788E0010FA8C0010FA8C0010FA8C001095
:10D3C000FA8C0010F88D0010FA8C0010AC8D001053
:10D3D000FA8C0010FA8C0010FA8C0010A08D00104E
:10D3E000FA8C0010FA8C0010FA8C0010728D00106C
:10D3F000668D00100A000100020003000400050011
:10D4000006000700080009000A000B000C000D00D0
:10D410000E000F00100000000020202020202020FF
:10D4200020202828282828202020202020202020D4
:10D4300020202020202020202088101010101010E4
:10D440001010101010101010100404040404040430
:10D4500004040410101010101010414141414141CA
:10D4600001010101010101010101010101010101AC
:10D4700001010101101010101010424242424242BC
:10D48000020202020202020202020202020202027C
:10D490000202020210101010200000000000000024
:10D4A000000000000000000000000000000000007C
:10D4B000000000000000000000000000000000006C
:10D4C000000000000000000000000000000000005C
:10D4D000000000000000000000000000000000004C
:10D4E000000000000000000000000000000000003C
:10D4F000000000000000000000000000000000002C
:10D50000000000000000000000000000000000001B
:10D5100000000000000000000000000043000000C8
:10D52000504F5349580000002E0000006E66000066
:10D53000696E697479000000616E0000B89E001089
:10D54000E69D0010E69D0010E69D0010E69D00108F
:10D55000E69D0010E69D0010E69D0010E69D00107F
:10D56000DA9E0010DA9E0010DA9E0010DA9E00109B
:10D57000DA9E0010E69D0010E69D0010E69D00106A
:10D58000E69D0010E69D0010E69D0010E69D00104F
:10D59000E69D0010E69D0010E69D0010E69D00103F
:10D5A000E69D0010E69D0010E69D0010E69D00102F
:10D5B000E69D0010E69D0010E69D0010DA9E00102A
:10D5C000E69D0010E69D0010E69D0010E69D00100F
:10D5D000E69D0010E69D0010E69D0010E69D0010FF
:10D5E000E69D0010E69D0010B0A70010E69D00101B
:10D5F00098A70010CEA70010B6A70010D4A900105D
:10D60000CEA90010C2A90010B6A700103500000076
:10D61000CEFBFFFFCB030000010000000000000074
:10D6200034000000CEFBFFFFCB0300000100000030
:10D630000000000000000000BC89D897B2D29C3CDA
:10D6400033A7A8D523F649393DA7F444FD0FA532E9
:10D650009D978CCF08BA5B25436FAC642806681190
:10D6600042616C6C6F6320737563636565646564A8
:10D67000000000002F746D702F6A656E6B696E7309
:10D680002D4743432D31302D706970656C696E658F
:10D690002D3333385F32303231313031385F31360B
:10D6A00033343531363139352F7372632F6E6577E8
:10D6B0006C69622F6E65776C69622F6C6962632F8B
:10D6C0007374646C69622F6764746F612D6765742D
:10D6D0006865782E63000000000000000000000074
:10D6E000000000000000000000000000000000003A
:10D6F000000000000000000000000000000000002A
:10D70000000000000000000010111213141516177D
:10D710001819000000000000001A1B1C1D1E1F002D
:10D7200000000000000000000000000000000000F9
:10D730000000000000000000001A1B1C1D1E1F003E
:10D7400000000000000000000000000000000000D9
:10D7500000000000000000000000000000000000C9
:10D7600000000000000000000000000000000000B9
:10D7700000000000000000000000000000000000A9
:10D780000000000000000000000000000000000099
:10D790000000000000000000000000000000000089
:10D7A0000000000000000000000000000000000079
:10D7B0000000000000000000000000000000000069
:10D7C0000000000000000000000000000000000059
:10D7D000000000000000000028D5001070D60010E6
:10D7E000BC1200202F746D702F6A656E6B696E73AA
:10D7F0002D4743432D31302D706970656C696E651E
:10D800002D3333385F32303231313031385F313699
:10D8100033343531363139352F7372632F6E657776
:10D820006C69622F6E65776C69622F6C6962632F19
:10D830007374646C69622F6D707265632E6300008F
:10D840000080E03779C34143176E05B5B5B89346FC
:10D85000F5F93FE9034F384D321D30F94877825AC8
:10D860003CBF737FDD4F1575000000000000F03FE6
:10D8700000000000000024400000000000005940AB
:10D880000000000000408F40000000000088C340FE
:10D8900000000000006AF8400000000080842E4173
:10D8A00000000000D01263410000000084D79741BF
:10D8B0000000000065CDCD41000000205FA00242C5
:10D8C000000000E876483742000000A2941A6D423A
:10D8D000000040E59C30A2420000901EC4BCD6422D
:10D8E00000003426F56B0C430080E03779C34143D8
:10D8F00000A0D8855734764300C84E676DC1AB434E
:10D90000003D9160E458E143408CB5781DAF15446B
:10D9100050EFE2D6E41A4B4492D54D06CFF0804446
:10D92000F64AE1C7022DB544B49DD9794378EA445B
:0CD9300005000000190000007D00000050
:10D93C0064CA001070CA00107CCA001088CA00109B
:08D94C0094CA0010A0CA0010EB
:10D95400F8B5040017001E002168EFF3108272B6B8
:10D964000B68002BFCD0BFF35F8F0421635E21683A
:10D97400002B09DD013BA380BFF35F8F00230B6005
:10D9840082F310880120F8BDBFF35F8F00250D607E
:10D9940082F310883800310000F01AFAA842DBD074
:10D9A4002800F0E7F8B50D00040000F019FAFA2297
:10D9B40006000F00002392002800002100F018FA4E
:10D9C40002000B0092197B41002B02DA0122034B67
:10D9D40052422000FFF7BCFFF8BDC046FFFFFF7FA7
:10D9E40010B50168EFF3108272B60B68002BFCD0FF
:10D9F400BFF35F8F0421435E0621445E01689C42AD
:10DA04000ADD01338380BFF35F8F00230B6082F351
:10DA1400108840BF012010BDBFF35F8F0020086055
:10DA240082F31088F7E730B50468EFF3108372B619
:10DA34002268002AFCD0BFF35F8F0422855E002495
:10DA4400026881808D4206DABFF35F8F146083F32E
:10DA5400108840BF30BDBFF35F8F146083F310881C
:10DA6400F8E7D02330B5002400211B061C570568B5
:10DA7400EFF3108372B62A68002AFCD0BFF35F8FDD
:10DA8400057902687F2D06D90471BFF35F8F116099
:10DA940083F3108830BDBFF35F8F116083F3108868
:10DAA40020BFE4E7030010B50068EFF3108472B6FA
:10DAB4000268002AFCD0BFF35F8F04229A56002A22
:10DAC4000CDAD0220120120612681A711B68BFF307
:10DAD4005F8F00221A6084F3108810BD081EF5D0F1
:10DAE40000200A60F2E7F7B51E00D02305001700F6
:10DAF4001B061B6801932968EFF3108372B60A684A
:10DB0400002AFCD0BFF35F8F297900242A687F297B
:10DB140008D901992971BFF35F8F146083F31088CA
:10DB24000120FEBDBFF35F8F146083F310883800BB
:10DB3400310000F04DF90028DDD02000F1E773B585
:10DB440001A9040016001D00FFF7ACFF00280CD14A
:10DB5400D0221206019B12785BB252B2934204D0D7
:10DB640032002B002000FFF7BEFF76BD0168EFF303
:10DB7400108372B60A68002AFCD0BFF35F8FFF22BD
:10DB840002710268BFF35F8F0021116083F3108874
:10DB940040BF704730B50224030010008A18914238
:10DBA4000ED10422D968114211D11022D968114230
:10DBB400FCD10422D96811420BD101221A6230BD72
:10DBC400DD682542FCD00D7801319D60E7E7996856
:10DBD400E8E79968EEE7000010B50C20014900F071
:10DBE400EFF810BD1C04005010B50B20014900F0E3
:10DBF400E7F810BD0C04005070B510250400406A0D
:10DC0400A84300293BD0284320256062A06AA8438A
:10DC1400002A36D02843A026A062E0692568F605CC
:10DC2400800180190835016045608360616A016183
:10DC3400216A890189190D6025004A608B60A36AF5
:10DC4400343528000B610021FFF7EDFE01231A0093
:10DC5400E16928008A40216A8B4013438622FA2115
:10DC6400D200B3508900FFF79DFE051E05D0E06980
:10DC740000F09EF8206A00F09BF8280070BD02496D
:10DC8400C2E7024AC7E7C04608D0001010090020C6
:10DC940002B4714649084900095C49008E4402BC3B
:10DCA4007047C04603B47146490840004900095E04
:10DCB40049008E4403BC70477047C04630B5032A00
:10DCC4000CD903000B439B0719D103680C68A342CA
:10DCD40015D1043A04300431032AF6D8551E002A1B
:10DCE4000BD0002303E05A1C9D4206D01300C25CF3
:10DCF400CC5CA242F7D0101B00E0002030BD551EC2
:10DD0400EFE7C046F0B588420AD98B18984207D28B
:10DD1400531E002A03D0CA5CC254013BFBD2F0BD9F
:10DD24000F2A0BD80500561E002AF8D00023CC5C1D
:10DD34001A00EC5401339642F9D1F0E703270D00A1
:10DD44003E0005430C0003002E402F422BD115004A
:10DD5400103D2D09AC462F013F1825681D606568EC
:10DD64005D60A5689D60E5681034DD601D001033BA
:10DD7400BD42F2D165460F230C2401352D0149190A
:10DD840013404519144211D08C59AC5104369C1BD4
:10DD9400032CF9D8043B9B0801339B00ED18C918E8
:10DDA40003231A40BFE70500561EBFE71A00BAE76F
:10DDB40001B40248844601BC604700BF59690010A1
:10DDC40001B40248844601BC604700BF6D6900107D
:10DDD40001B40248844601BC604700BF81140010AE
:10DDE40001B40248844601BC604700BF811500109D
:10DDF40001B40248844601BC604700BF8D2700106F
:10DE04002A00000000000000E8C9001040080020BB
:10DE140005000000000000000000000000000000F9
:10DE240000000000000000000000000000000000EE
:10DE340000000000000000000000000000000000DE
:10DE440000000000000000000000000000000000CE
:10DE540000000000000000000000000000000000BE
:10DE640000000000000000000000000000000000AE
:10DE7400000000000000000000000000000000009E
:10DE8400000000000000000000000000000000008E
:10DE9400000000000000000000000000000000007E
:10DEA400000000000000000000000000000000006E
:10DEB400000000000000000000000000000000005E
:10DEC400000000000000000000000000000000004E
:10DED400000000000000000000000000000000003E
:10DEE400000000000000000000000000000000002E
:10DEF400000000000000000000000000000000001E
:10DF0400000000000000000000000000000000000D
:10DF140000000000000000000000000000000000FD
:10DF240000000000000000000000000000000000ED
:10DF340000000000000000000000000000000000DD
:10DF440000000000000000000000000000000000CD
:10DF540000000000000000000000000000000000BD
:10DF640000000000000000000000000000000000AD
:10DF7400000000000000000000000000000000009D
:10DF8400000000000000000000000000000000008D
:10DF9400000000000000000000000000000000007D
:10DFA400000000000000000000000000000000006D
:10DFB400000000000000000000000000000000005D
:10DFC400000000000000000000000000000000004D
:10DFD400000000000000000000000000000000003D
:10DFE400000000000000000000000000000000002D
:10DFF400000000000000000000000000000000001D
:10E00400000000000000000000000000000000000C
:10E0140000000000000000000000000000000000FC
:10E0240000000000000000000000000000000000EC
:10E0340000000000000000000000000000000000DC
:10E0440000000000000000000000000000000000CC
:10E0540000000000000000000000000000000000BC
:10E0640000000000000000000000000000000000AC
:10E07400000000000000000000000000000000009C
:10E08400000000000000000000000000000000008C
:10E09400000000000000000000000000000000007C
:10E0A400000000000000000000000000000000006C
:10E0B400000000000000000000000000000000005C
:10E0C40000C0034004000000070000000600000038
:10E0D40000127A00000000000000000000000000B0
:10E0E400000000000000000000000000000000002C
:10E0F400000000000000000000000000000000001C
:10E1040000000000100000000000000000000100FA
:10E1140000000000000000000000020000000000F9
:10E1240000000000000003000000000000000000E8
:10E134000000FF000000000001B5486801318E4670
:10E144000047704609380149884701BD9D0D0010FC
:10E1540000000000000000000000000000000000BB
:10E1640000000000D81200200000000000000000A1
:10E17400503300004C33000054330000523300008D
:10E184004D5300004D43000053340000433400005D
:10E19400A50100001809002000000000040C002064
:10E1A4006C0C0020D40C00200000000000000000D3
:10E1B400000000000000000000000000000000005B
:10E1C400000000000000000000000000000000004B
:10E1D400000000000000000000000000000000003B
:10E1E400000000000000000000000000000000002B
:10E1F400000000000000000000000000000000001B
:10E20400000000000000000000000000000000000A
:10E2140000000000000000000000000000000000FA
:10E2240000000000000000000000000000000000EA
:10E2340000000000000000000000000000000000DA
:10E2440001000000000000000E33CDAB34126DE677
:10E25400ECDE05000B0000000000000000000000E0
:10E2640000000000000000000000000000000000AA
:10E27400000000000000000000000000000000009A
:10E28400000000000000000000000000000000008A
:10E29400000000000000000000000000000000007A
:10E2A400000000000000000000000000000000006A
:10E2B400000000000000000000000000000000005A
:10E2C400000000000000000000000000000000004A
:10E2D400000000000000000000000000000000003A
:10E2E400000000000000000000000000000000002A
:10E2F400000000000000000000000000000000001A
:10E304000000000000000000000000000000000009
:10E3140000000000000000000000000000000000F9
:10E3240000000000000000000000000000000000E9
:10E3340000000000000000000000000000000000D9
:10E3440000000000000000000000000000000000C9
:10E3540000000000000000000000000000000000B9
:10E3640000000000000000000000000000000000A9
:10E374000000000000000000000000000000000099
:10E384000000000000000000000000000000000089
:10E394000000000000000000000000000000000079
:10E3A4000000000000000000000000000000000069
:10E3B4000000000000000000000000000000000059
:10E3C4000000000000000000000000000000000049
:10E3D4000000000000000000000000000000000039
:10E3E4000000000000000000000000000000000029
:10E3F4000000000000000000000000000000000019
:10E404000000000000000000000000000000000008
:10E4140000000000000000000000000000000000F8
:10E4240000000000000000000000000000000000E8
:10E4340000000000000000000000000000000000D8
:10E4440000000000000000000000000000000000C8
:10E4540000000000000000000000000000000000B8
:10E4640000000000000000000000000000000000A8
:10E474000000000000000000000000000000000098
:10E484000000000000000000000000000000000088
:10E494000000000000000000000000000000000078
:10E4A4000000000000000000000000000000000068
:10E4B4000000000000000000000000000000000058
:10E4C4000000000000000000000000000000000048
:10E4D4000000000000000000000000000000000038
:10E4E4000000000000000000000000000000000028
:10E4F4000000000000000000000000000000000018
:10E504000000000000000000000000000000000007
:10E5140000000000000000000000000000000000F7
:10E5240000000000000000000000000000000000E7
:10E5340000000000000000000000000000000000D7
:10E5440000000000000000000000000000000000C7
:10E5540000000000000000000000000000000000B7
:10E5640000000000000000000000000000000000A7
:10E574000000000000000000000000000000000097
:10E584000000000000000000000000000000000087
:10E594000000000000000000000000000000000077
:10E5A4000000000000000000000000000000000067
:10E5B4000000000000000000000000000000000057
:10E5C4000000000000000000400D0020400D00206D
:10E5D400480D0020480D0020500D0020500D002053
:10E5E400580D0020580D0020600D0020600D002003
:10E5F400680D0020680D0020700D0020700D0020B3
:10E60400780D0020780D0020800D0020800D002062
:10E61400880D0020880D0020900D0020900D002012
:10E62400980D0020980D0020A00D0020A00D0020C2
:10E63400A80D0020A80D0020B00D0020B00D002072
:10E64400B80D0020B80D0020C00D0020C00D002022
:10E65400C80D0020C80D0020D00D0020D00D0020D2
:10E66400D80D0020D80D0020E00D0020E00D002082
:10E67400E80D0020E80D0020F00D0020F00D002032
:10E68400F80D0020F80D0020000E0020000E0020E0
:10E69400080E0020080E0020100E0020100E00208E
:10E6A400180E0020180E0020200E0020200E00203E
:10E6B400280E0020280E0020300E0020300E0020EE
:10E6C400380E0020380E0020400E0020400E00209E
:10E6D400480E0020480E0020500E0020500E00204E
:10E6E400580E0020580E0020600E0020600E0020FE
:10E6F400680E0020680E0020700E0020700E0020AE
:10E70400780E0020780E0020800E0020800E00205D
:10E71400880E0020880E0020900E0020900E00200D
:10E72400980E0020980E0020A00E0020A00E0020BD
:10E73400A80E0020A80E0020B00E0020B00E00206D
:10E74400B80E0020B80E0020C00E0020C00E00201D
:10E75400C80E0020C80E0020D00E0020D00E0020CD
:10E76400D80E0020D80E0020E00E0020E00E00207D
:10E77400E80E0020E80E0020F00E0020F00E00202D
:10E78400F80E0020F80E0020000F0020000F0020DB
:10E79400080F0020080F0020100F0020100F002089
:10E7A400180F0020180F0020200F0020200F002039
:10E7B400280F0020280F0020300F0020300F0020E9
:10E7C400380F0020380F0020400F0020400F002099
:10E7D400480F0020480F0020500F0020500F002049
:10E7E400580F0020580F0020600F0020600F0020F9
:10E7F400680F0020680F0020700F0020700F0020A9
:10E80400780F0020780F0020800F0020800F002058
:10E81400880F0020880F0020900F0020900F002008
:10E82400980F0020980F0020A00F0020A00F0020B8
:10E83400A80F0020A80F0020B00F0020B00F002068
:10E84400B80F0020B80F0020C00F0020C00F002018
:10E85400C80F0020C80F0020D00F0020D00F0020C8
:10E86400D80F0020D80F0020E00F0020E00F002078
:10E87400E80F0020E80F0020F00F0020F00F002028
:10E88400F80F0020F80F00200010002000100020D6
:10E894000810002008100020101000201010002084
:10E8A4001810002018100020201000202010002034
:10E8B40028100020281000203010002030100020E4
:10E8C4003810002038100020401000204010002094
:10E8D4004810002048100020501000205010002044
:10E8E40058100020581000206010002060100020F4
:10E8F40068100020681000207010002070100020A4
:10E904007810002078100020801000208010002053
:10E914008810002088100020901000209010002003
:10E924009810002098100020A0100020A0100020B3
:10E93400A8100020A8100020B0100020B010002063
:10E94400B8100020B8100020C0100020C010002013
:10E95400C8100020C8100020D0100020D0100020C3
:10E96400D8100020D8100020E0100020E010002073
:10E97400E8100020E8100020F0100020F010002023
:10E98400F8100020F81000200011002000110020D1
:10E99400081100200811002010110020101100207F
:10E9A400181100201811002020110020201100202F
:10E9B40028110020281100203011002030110020DF
:10E9C4003811002038110020FFFFFFFF0000020073
:10E9D40043000000000000000000000000000000F0
:10E9E4000000000000000000000000000000000023
:10E9F40043000000000000000000000000000000D0
:10EA04000000000000000000000000000000000002
:10EA140043000000000000000000000000000000AF
:10EA240000000000000000000000000000000000E2
:10EA3400430000000000000000000000000000008F
:10EA440000000000000000000000000000000000C2
:10EA5400430000000000000000000000000000006F
:10EA640000000000000000000000000000000000A2
:10EA7400430000000000000000000000000000004F
:10EA84000000000000000000000000000000000082
:10EA9400430000000000000000000000000000002F
:10EAA4000000000000000000000000000000000062
:10EAB4004DB500107D9C00100000000018D400101B
:10EAC40028D5001070D6001070D6001070D6001033
:10EAD40070D6001070D6001070D6001070D60010DA
:10EAE40070D6001070D60010FFFFFFFFFFFFFFFF7E
:10EAF400FFFFFFFFFFFF00000100415343494900AE
:10EB04000000000000000000000000000000000001
:10EB14000000000000000000000041534349490088
:10EB240000000000000000000000000000000000E1
:10EB3400000000000000000000000000FF000000D2
:10EB440000000000000000000000000000000000C1
:08EB54000000000000000000B9
:04000005100001E9FD
:00000001FF
